rank;target;source;file;channel_id;display_names;programmes;unique_titles;exact_hits;partial_hits;title_hits;score;name_score;matched_expected;matched_actual;match_details
1;Discovery Science;BSS;bss_epg.xml;ducktv.bg;Duck TV BG;344;88;1;4;5;108.5;25.0;How It's Made: Dream Cars | How the Universe Works | Morgan Freeman's Through The Wormhole | Extreme Engineering | Truth Behind the Moon Landing;Свeтът на Мимо | Свeтът на Мимо | Вeсeлата поляна | Свeтът на Мимо | Свeтът на Мимо;How It's Made: Dream Cars => Свeтът на Мимо (88%) | How the Universe Works => Свeтът на Мимо (88%) | Morgan Freeman's Through The Wormhole => Вeсeлата поляна (88%) | Extreme Engineering => Свeтът на Мимо (94%) | Truth Behind the Moon Landing => Свeтът на Мимо (88%)
2;Discovery Science;BSS;bss_epg.xml;sitel.mk;SITEL FHD MK, SITEL HD MK;62;23;1;4;5;105.2;19.0;How It's Made: Dream Cars | How the Universe Works | Morgan Freeman's Through The Wormhole | Extreme Engineering | Truth Behind the Moon Landing;Сè или нешто | Сè или нешто | Сè или нешто | Сè или нешто | Сè или нешто;How It's Made: Dream Cars => Сè или нешто (88%) | How the Universe Works => Сè или нешто (88%) | Morgan Freeman's Through The Wormhole => Сè или нешто (88%) | Extreme Engineering => Сè или нешто (94%) | Truth Behind the Moon Landing => Сè или нешто (88%)
3;Discovery Science;BSS;bss_epg.xml;one2.il;ONE 2 HD IL;41;8;1;4;5;103.9;13.3;How It's Made: Dream Cars | How the Universe Works | Morgan Freeman's Through The Wormhole | Extreme Engineering | Truth Behind the Moon Landing;המיטב בסרייה A | פורמולה E | המיטב בסרייה A | פורמולה E | המיטב בסרייה A;How It's Made: Dream Cars => המיטב בסרייה A (88%) | How the Universe Works => פורמולה E (88%) | Morgan Freeman's Through The Wormhole => המיטב בסרייה A (88%) | Extreme Engineering => פורמולה E (94%) | Truth Behind the Moon Landing => המיטב בסרייה A (88%)
4;Discovery Science;BSS;bss_epg.xml;fox.bg;FOX HD BG;56;18;1;4;5;103.6;7.1;How It's Made: Dream Cars | How the Universe Works | Morgan Freeman's Through The Wormhole | Extreme Engineering | Truth Behind the Moon Landing;Лара Крофт: Томб Рeйдър | Лара Крофт: Томб Рeйдър | Лара Крофт: Томб Рeйдър | Лара Крофт: Томб Рeйдър | Лара Крофт: Томб Рeйдър;How It's Made: Dream Cars => Лара Крофт: Томб Рeйдър (88%) | How the Universe Works => Лара Крофт: Томб Рeйдър (88%) | Morgan Freeman's Through The Wormhole => Лара Крофт: Томб Рeйдър (88%) | Extreme Engineering => Лара Крофт: Томб Рeйдър (94%) | Truth Behind the Moon Landing => Лара Крофт: Томб Рeйдър (88%)
5;Discovery Science;OpenEPG:denmark2;denmark2.xml;Discovery Science Europe English (GB,EN).dk;Discovery Science Europe English (GB,EN).dk;82;15;3;0;3;101.9;94.0;How It's Made: Dream Cars | How the Universe Works | Truth Behind the Moon Landing;How It's Made | How the Universe Works | Truth Behind the Moon Landing;How It's Made: Dream Cars => How It's Made (94%) | How the Universe Works => How the Universe Works (100%) | Truth Behind the Moon Landing => Truth Behind the Moon Landing (100%)
6;Discovery Science;OpenEPG:denmark5;denmark5.xml;Discovery Science.dk;Discovery Science.dk;82;15;3;0;3;101.9;94.0;How It's Made: Dream Cars | How the Universe Works | Truth Behind the Moon Landing;How It's Made | How the Universe Works | Truth Behind the Moon Landing;How It's Made: Dream Cars => How It's Made (94%) | How the Universe Works => How the Universe Works (100%) | Truth Behind the Moon Landing => Truth Behind the Moon Landing (100%)
7;Discovery Science;OpenEPG:denmark6;denmark6.xml;discoveryscience.dk;discoveryscience.dk;82;15;3;0;3;101.9;94.0;How It's Made: Dream Cars | How the Universe Works | Truth Behind the Moon Landing;How It's Made | How the Universe Works | Truth Behind the Moon Landing;How It's Made: Dream Cars => How It's Made (94%) | How the Universe Works => How the Universe Works (100%) | Truth Behind the Moon Landing => Truth Behind the Moon Landing (100%)
8;Discovery Science;BSS;bss_epg.xml;discoveryscience.is;Discovery Science FHD IS;81;12;3;0;3;101.8;94.0;How It's Made: Dream Cars | How the Universe Works | Truth Behind the Moon Landing;How It's Made | How the Universe Works | Truth Behind the Moon Landing;How It's Made: Dream Cars => How It's Made (94%) | How the Universe Works => How the Universe Works (100%) | Truth Behind the Moon Landing => Truth Behind the Moon Landing (100%)
9;Discovery Science;OpenEPG:denmark4;denmark4.xml;Discovery Science.dk;Discovery Science.dk;78;14;3;0;3;101.8;94.0;How It's Made: Dream Cars | How the Universe Works | Truth Behind the Moon Landing;How It's Made | How the Universe Works | Truth Behind the Moon Landing;How It's Made: Dream Cars => How It's Made (94%) | How the Universe Works => How the Universe Works (100%) | Truth Behind the Moon Landing => Truth Behind the Moon Landing (100%)
10;Discovery Science;OpenEPG:denmark3;denmark3.xml;Discovery Science.dk;Discovery Science.dk;76;14;3;0;3;101.8;94.0;How It's Made: Dream Cars | How the Universe Works | Truth Behind the Moon Landing;How It's Made: Dream Cars | How the Universe Works | Truth Behind the Moon Landing;How It's Made: Dream Cars => How It's Made: Dream Cars (100%) | How the Universe Works => How the Universe Works (100%) | Truth Behind the Moon Landing => Truth Behind the Moon Landing (100%)
11;Discovery Science;BSS;bss_epg.xml;discoveryscience.fi;Discovery Science FHD FI;81;11;3;0;3;101.7;94.0;How It's Made: Dream Cars | How the Universe Works | Truth Behind the Moon Landing;How It's Made | How the Universe Works | Truth Behind the Moon Landing;How It's Made: Dream Cars => How It's Made (94%) | How the Universe Works => How the Universe Works (100%) | Truth Behind the Moon Landing => Truth Behind the Moon Landing (100%)
12;Discovery Science;BSS;bss_epg.xml;discoveryscience.se;Discovery Science FHD SE, Discovery Science HD SE;81;11;3;0;3;101.7;94.0;How It's Made: Dream Cars | How the Universe Works | Truth Behind the Moon Landing;How It's Made | How the Universe Works | Truth Behind the Moon Landing;How It's Made: Dream Cars => How It's Made (94%) | How the Universe Works => How the Universe Works (100%) | Truth Behind the Moon Landing => Truth Behind the Moon Landing (100%)
13;Discovery Science;BSS;bss_epg.xml;discoveryscience.nl;Discovery Science FHD NL, Discovery Science HD NL;50;8;3;0;3;101.6;94.0;How It's Made: Dream Cars | How the Universe Works | Truth Behind the Moon Landing;How It's Made | How the Universe Works | Truth Behind the Moon Landing;How It's Made: Dream Cars => How It's Made (94%) | How the Universe Works => How the Universe Works (100%) | Truth Behind the Moon Landing => Truth Behind the Moon Landing (100%)
14;Discovery Science;BSS;bss_epg.xml;rtspoletarac.rs;RTS Poletarac RS;109;52;0;5;5;94.8;22.7;How It's Made: Dream Cars | How the Universe Works | Morgan Freeman's Through The Wormhole | Extreme Engineering | Truth Behind the Moon Landing;И без муке има наукеДруги циклус (R) | И без муке има наукеДруги циклус (R) | И без муке има наукеДруги циклус (R) | И без муке има наукеДруги циклус (R) | И без муке има наукеДруги циклус (R);How It's Made: Dream Cars => И без муке има наукеДруги циклус (R) (88%) | How the Universe Works => И без муке има наукеДруги циклус (R) (88%) | Morgan Freeman's Through The Wormhole => И без муке има наукеДруги циклус (R) (88%) | Extreme Engineering => И без муке има наукеДруги циклус (R) (88%) | Truth Behind the Moon Landing => И без муке има наукеДруги циклус (R) (88%)
15;Discovery Science;BSS;bss_epg.xml;rtstrezor.rs;RTS Trezor RS;84;48;0;5;5;94.4;21.1;How It's Made: Dream Cars | How the Universe Works | Morgan Freeman's Through The Wormhole | Extreme Engineering | Truth Behind the Moon Landing;Теветека-Сто година филма (R) | Теветека-Сто година филма (R) | Теветека-Сто година филма (R) | Теветека-Сто година филма (R) | Теветека-Сто година филма (R);How It's Made: Dream Cars => Теветека-Сто година филма (R) (88%) | How the Universe Works => Теветека-Сто година филма (R) (88%) | Morgan Freeman's Through The Wormhole => Теветека-Сто година филма (R) (88%) | Extreme Engineering => Теветека-Сто година филма (R) (88%) | Truth Behind the Moon Landing => Теветека-Сто година филма (R) (88%)
16;Discovery Science;BSS;bss_epg.xml;rtsnauka.rs;RTS Nauka HD RS;88;61;0;5;5;94.3;15.8;How It's Made: Dream Cars | How the Universe Works | Morgan Freeman's Through The Wormhole | Extreme Engineering | Truth Behind the Moon Landing;Час анатомијеКласична литература (R) | Час анатомијеКласична литература (R) | Час анатомијеКласична литература (R) | Час анатомијеКласична литература (R) | Час анатомијеКласична литература (R);How It's Made: Dream Cars => Час анатомијеКласична литература (R) (88%) | How the Universe Works => Час анатомијеКласична литература (R) (88%) | Morgan Freeman's Through The Wormhole => Час анатомијеКласична литература (R) (88%) | Extreme Engineering => Час анатомијеКласична литература (R) (88%) | Truth Behind the Moon Landing => Час анатомијеКласична литература (R) (88%)
17;Discovery Science;BSS;bss_epg.xml;rtszivot.rs;RTS Život RS;74;42;0;5;5;93.7;16.7;How It's Made: Dream Cars | How the Universe Works | Morgan Freeman's Through The Wormhole | Extreme Engineering | Truth Behind the Moon Landing;Српски јунаци средњег века- Змај Огњени Вук (R) | Српски јунаци средњег века- Змај Огњени Вук (R) | Српски јунаци средњег века- Змај Огњени Вук (R) | Српски јунаци средњег века- Змај Огњени Вук (R) | Српски јунаци средњег века- Змај Огњени Вук (R);How It's Made: Dream Cars => Српски јунаци средњег века- Змај Огњени Вук (R) (88%) | How the Universe Works => Српски јунаци средњег века- Змај Огњени Вук (R) (88%) | Morgan Freeman's Through The Wormhole => Српски јунаци средњег века- Змај Огњени Вук (R) (88%) | Extreme Engineering => Српски јунаци средњег века- Змај Огњени Вук (R) (88%) | Truth Behind the Moon Landing => Српски јунаци средњег века- Змај Огњени Вук (R) (88%)
18;Discovery Science;BSS;bss_epg.xml;rtskolo.rs;RTS Kolo RS;71;52;0;5;5;93.5;11.8;How It's Made: Dream Cars | How the Universe Works | Morgan Freeman's Through The Wormhole | Extreme Engineering | Truth Behind the Moon Landing;Оркестар Дејана Јевђића и вокални солисти (R) | Оркестар Дејана Јевђића и вокални солисти (R) | Оркестар Дејана Јевђића и вокални солисти (R) | Оркестар Дејана Јевђића и вокални солисти (R) | Оркестар Дејана Јевђића и вокални солисти (R);How It's Made: Dream Cars => Оркестар Дејана Јевђића и вокални солисти (R) (88%) | How the Universe Works => Оркестар Дејана Јевђића и вокални солисти (R) (88%) | Morgan Freeman's Through The Wormhole => Оркестар Дејана Јевђића и вокални солисти (R) (88%) | Extreme Engineering => Оркестар Дејана Јевђића и вокални солисти (R) (88%) | Truth Behind the Moon Landing => Оркестар Дејана Јевђића и вокални солисти (R) (88%)
19;Discovery Science;BSS;bss_epg.xml;rts3.rs;RTS 3 FHD RS, RTS 3 HD RS;55;49;0;5;5;93.2;10.3;How It's Made: Dream Cars | How the Universe Works | Morgan Freeman's Through The Wormhole | Extreme Engineering | Truth Behind the Moon Landing;Културни центар (R) | Културни центар (R) | Културни центар (R) | Културни центар (R) | Културни центар (R);How It's Made: Dream Cars => Културни центар (R) (88%) | How the Universe Works => Културни центар (R) (88%) | Morgan Freeman's Through The Wormhole => Културни центар (R) (88%) | Extreme Engineering => Културни центар (R) (88%) | Truth Behind the Moon Landing => Културни центар (R) (88%)
20;Discovery Science;BSS;bss_epg.xml;rtsdrama.rs;RTS Drama RS, RTS Drama HD RS;57;31;0;5;5;92.2;8.3;How It's Made: Dream Cars | How the Universe Works | Morgan Freeman's Through The Wormhole | Extreme Engineering | Truth Behind the Moon Landing;ТВ театар – Мистер Долар (R) | ТВ театар – Мистер Долар (R) | ТВ театар – Мистер Долар (R) | ТВ театар – Мистер Долар (R) | ТВ театар – Мистер Долар (R);How It's Made: Dream Cars => ТВ театар – Мистер Долар (R) (88%) | How the Universe Works => ТВ театар – Мистер Долар (R) (88%) | Morgan Freeman's Through The Wormhole => ТВ театар – Мистер Долар (R) (88%) | Extreme Engineering => ТВ театар – Мистер Долар (R) (88%) | Truth Behind the Moon Landing => ТВ театар – Мистер Долар (R) (88%)
21;Discovery Science;BSS;bss_epg.xml;hollywoodsuite70s.ca;Hollywood Suite 70's HD CA;31;17;1;3;4;89.0;35.7;How It's Made: Dream Cars | Morgan Freeman's Through The Wormhole | Extreme Engineering | Truth Behind the Moon Landing;M | M | M | M;How It's Made: Dream Cars => M (88%) | Morgan Freeman's Through The Wormhole => M (94%) | Extreme Engineering => M (88%) | Truth Behind the Moon Landing => M (88%)
22;Discovery Science;BSS;bss_epg.xml;villagecinema.gr;Village Cinema HD GR;24;21;1;3;4;87.8;25.0;How It's Made: Dream Cars | Morgan Freeman's Through The Wormhole | Extreme Engineering | Truth Behind the Moon Landing;Η Mικρή Μάγισσα | Η Mικρή Μάγισσα | Η Mικρή Μάγισσα | Η Mικρή Μάγισσα;How It's Made: Dream Cars => Η Mικρή Μάγισσα (88%) | Morgan Freeman's Through The Wormhole => Η Mικρή Μάγισσα (94%) | Extreme Engineering => Η Mικρή Μάγισσα (88%) | Truth Behind the Moon Landing => Η Mικρή Μάγισσα (88%)
23;Discovery Science;BSS;bss_epg.xml;pinkclassic.rs;Pink Classic RS, Pink Classic HD RS;30;13;1;3;4;85.8;10.5;How It's Made: Dream Cars | Morgan Freeman's Through The Wormhole | Extreme Engineering | Truth Behind the Moon Landing;M | M | M | M;How It's Made: Dream Cars => M (88%) | Morgan Freeman's Through The Wormhole => M (94%) | Extreme Engineering => M (88%) | Truth Behind the Moon Landing => M (88%)
24;Discovery Science;BSS;bss_epg.xml;nickelodeon.bg;Nickelodeon HD BG;168;101;0;4;4;77.6;13.6;How It's Made: Dream Cars | How the Universe Works | Extreme Engineering | Truth Behind the Moon Landing;i-Карли | i-Карли | i-Карли | i-Карли;How It's Made: Dream Cars => i-Карли (88%) | How the Universe Works => i-Карли (88%) | Extreme Engineering => i-Карли (88%) | Truth Behind the Moon Landing => i-Карли (88%)
25;Discovery Science;BSS;bss_epg.xml;natgeowild.gr;National Geographic Wild GR;67;14;0;4;4;73.5;7.7;How It's Made: Dream Cars | How the Universe Works | Morgan Freeman's Through The Wormhole | Truth Behind the Moon Landing;O Απίθανος Δρ. Πολ | O Απίθανος Δρ. Πολ | O Απίθανος Δρ. Πολ | O Απίθανος Δρ. Πολ;How It's Made: Dream Cars => O Απίθανος Δρ. Πολ (88%) | How the Universe Works => O Απίθανος Δρ. Πολ (88%) | Morgan Freeman's Through The Wormhole => O Απίθανος Δρ. Πολ (88%) | Truth Behind the Moon Landing => O Απίθανος Δρ. Πολ (88%)
26;Discovery Science;BSS;bss_epg.xml;discoveryscience.no;Discovery Science HD NO, Discovery Science NO;81;11;2;0;2;71.7;94.0;How the Universe Works | Truth Behind the Moon Landing;How the Universe Works | Truth Behind the Moon Landing;How the Universe Works => How the Universe Works (100%) | Truth Behind the Moon Landing => Truth Behind the Moon Landing (100%)
27;Discovery Science;BSS;bss_epg.xml;discoveryscience.uk;Discovery Science UK, Discovery Science HD UK;64;11;2;0;2;71.7;94.0;How It's Made: Dream Cars | How the Universe Works;How It's Made | How the Universe Works;How It's Made: Dream Cars => How It's Made (94%) | How the Universe Works => How the Universe Works (100%)
28;Discovery Science;BSS;bss_epg.xml;discoveryscienceplus1.uk;Discovery Science +1 UK;63;11;2;0;2;71.7;94.0;How It's Made: Dream Cars | How the Universe Works;How It's Made | How the Universe Works;How It's Made: Dream Cars => How It's Made (94%) | How the Universe Works => How the Universe Works (100%)
29;Discovery Science;BSS;bss_epg.xml;spiegeltvwissen.de;Curiosity Channel FHD DE, Spiegel TV Wissen HD DE;145;89;0;3;3;58.9;11.0;How It's Made: Dream Cars | Morgan Freeman's Through The Wormhole | Extreme Engineering;Re | Re | Re;How It's Made: Dream Cars => Re (88%) | Morgan Freeman's Through The Wormhole => Re (88%) | Extreme Engineering => Re (88%)
30;Discovery Science;BSS;bss_epg.xml;novacinema2.gr;Nova Cinema 2 FHD GR;28;27;0;3;3;58.3;26.7;How It's Made: Dream Cars | Morgan Freeman's Through The Wormhole | Truth Behind the Moon Landing;Παράλογος Aνθρωπος | Παράλογος Aνθρωπος | Παράλογος Aνθρωπος;How It's Made: Dream Cars => Παράλογος Aνθρωπος (88%) | Morgan Freeman's Through The Wormhole => Παράλογος Aνθρωπος (88%) | Truth Behind the Moon Landing => Παράλογος Aνθρωπος (88%)
31;Discovery Science;BSS;bss_epg.xml;nova.bg;Nova TV FHD BG;55;34;0;3;3;57.5;18.2;How It's Made: Dream Cars | Morgan Freeman's Through The Wormhole | Truth Behind the Moon Landing;Кошмари в кухнятa | Кошмари в кухнятa | Кошмари в кухнятa;How It's Made: Dream Cars => Кошмари в кухнятa (88%) | Morgan Freeman's Through The Wormhole => Кошмари в кухнятa (88%) | Truth Behind the Moon Landing => Кошмари в кухнятa (88%)
32;Discovery Science;BSS;bss_epg.xml;arte.de;DE| Arte HD (BIO), Arte FHD DE, Arte HD DE;76;45;0;3;3;57.2;12.0;How It's Made: Dream Cars | Morgan Freeman's Through The Wormhole | Extreme Engineering;Re: | Re: | Re:;How It's Made: Dream Cars => Re: (88%) | Morgan Freeman's Through The Wormhole => Re: (88%) | Extreme Engineering => Re: (88%)
33;Discovery Science;BSS;bss_epg.xml;telma.mk;Telma HD MK, Telma MK;73;29;0;3;3;57.0;15.4;How It's Made: Dream Cars | Morgan Freeman's Through The Wormhole | Truth Behind the Moon Landing;Aлиенист | Aлиенист | Aлиенист;How It's Made: Dream Cars => Aлиенист (88%) | Morgan Freeman's Through The Wormhole => Aлиенист (88%) | Truth Behind the Moon Landing => Aлиенист (88%)
34;Discovery Science;BSS;bss_epg.xml;discoveryscience.us;Discovery Science US;47;8;1;0;1;41.6;94.0;How the Universe Works;How the Universe Works;How the Universe Works => How the Universe Works (100%)
35;Discovery Science;BSS;bss_epg.xml;virginmediaonehd.ie;Virgin One HD UK;46;28;0;2;2;41.2;34.0;How the Universe Works | Extreme Engineering;ER | ER;How the Universe Works => ER (88%) | Extreme Engineering => ER (88%)
36;Discovery Science;BSS;bss_epg.xml;tvbjade.hk;TVB Jade HD HK;88;63;0;2;2;40.5;16.7;How It's Made: Dream Cars | Truth Behind the Moon Landing;今個夏天食平D[粵] | 今個夏天食平D[粵];How It's Made: Dream Cars => 今個夏天食平D[粵] (88%) | Truth Behind the Moon Landing => 今個夏天食平D[粵] (88%)
37;Discovery Science;BSS;bss_epg.xml;virginmediaone.ie;Virgin One FHD UK, Virgin One UK;46;28;0;2;2;40.5;28.1;How the Universe Works | Extreme Engineering;ER | ER;How the Universe Works => ER (88%) | Extreme Engineering => ER (88%)
38;Discovery Science;BSS;bss_epg.xml;virginmediathree.ie;Virgin Media Three FHD UK;41;18;0;2;2;39.8;25.5;How the Universe Works | Extreme Engineering;ER | ER;How the Universe Works => ER (88%) | Extreme Engineering => ER (88%)
39;Discovery Science;BSS;bss_epg.xml;abcme.au;ABC Entertains HD AU, ABC Me HD AU, ABC ME AU;200;48;0;2;2;39.6;14.3;How the Universe Works | Extreme Engineering;ER | ER;How the Universe Works => ER (88%) | Extreme Engineering => ER (88%)
40;Discovery Science;BSS;bss_epg.xml;tvtokyo.jp;BS TV Tokyo JP, TV Tokyo JP;9;9;0;2;2;38.0;13.3;How It's Made: Dream Cars | Truth Behind the Moon Landing;Dの旋律〜ダンスと音楽のシンフォニー〜 | Dの旋律〜ダンスと音楽のシンフォニー〜;How It's Made: Dream Cars => Dの旋律〜ダンスと音楽のシンフォニー〜 (88%) | Truth Behind the Moon Landing => Dの旋律〜ダンスと音楽のシンフォニー〜 (88%)
41;Discovery Science;BSS;bss_epg.xml;discovery.nl;Discovery FHD NL, Discovery HD NL;32;17;1;0;1;37.3;55.6;How It's Made: Dream Cars;How It's Made;How It's Made: Dream Cars => How It's Made (94%)
42;Discovery Science;BSS;bss_epg.xml;discoverychannel.nl;Discovery Channel FHD NL;57;24;1;0;1;37.1;50.9;How It's Made: Dream Cars;How It's Made;How It's Made: Dream Cars => How It's Made (94%)
43;Discovery Science;BSS;bss_epg.xml;discoverychannel.za;Discovery Channel FHD ZA;63;17;1;0;1;36.8;50.9;How It's Made: Dream Cars;How It's Made;How It's Made: Dream Cars => How It's Made (94%)
44;Discovery Science;BSS;bss_epg.xml;discoveryfamily.za;Discovery Family FHD ZA;62;22;1;0;1;36.3;45.3;How It's Made: Dream Cars;How It's Made;How It's Made: Dream Cars => How It's Made (94%)
45;Discovery Science;BSS;bss_epg.xml;ctv2vancouver.ca;CTV 2 Vancouver CA;64;26;1;0;1;35.7;39.1;How It's Made: Dream Cars;How It's Made;How It's Made: Dream Cars => How It's Made (94%)
46;Discovery Science;BSS;bss_epg.xml;discoveryhistoryplus1.uk;Discovery History +1 UK;55;14;1;0;1;35.5;41.4;How the Universe Works;How the Universe Works;How the Universe Works => How the Universe Works (100%)
47;Discovery Science;BSS;bss_epg.xml;discoveryhistory.uk;Discovery History UK, Discovery History HD UK, Discovery History;56;14;1;0;1;34.4;31.8;How the Universe Works;How the Universe Works;How the Universe Works => How the Universe Works (100%)
48;Discovery Science;OpenEPG:denmark2;denmark2.xml;Discovery Channel Central Europe English (GB,EN).dk;Discovery Channel Central Europe English (GB,EN).dk;61;28;1;0;1;34.2;26.0;How It's Made: Dream Cars;How It's Made: Dream Cars;How It's Made: Dream Cars => How It's Made: Dream Cars (100%)
49;Discovery Science;BSS;bss_epg.xml;ctv2ottawa.ca;CTV2 Ottawa CA;66;25;1;0;1;33.4;20.0;How It's Made: Dream Cars;How It's Made;How It's Made: Dream Cars => How It's Made (94%)
50;Discovery Science;BSS;bss_epg.xml;ctvatlantic.ca;CTV Atlantic HD CA;69;29;1;0;1;33.3;18.2;How It's Made: Dream Cars;How It's Made;How It's Made: Dream Cars => How It's Made (94%)
51;Discovery Science;BSS;bss_epg.xml;9rushmelbourne.au;9Rush Melbourne HD AU;62;23;1;0;1;33.3;20.0;How the Universe Works;How The Universe Works;How the Universe Works => How The Universe Works (100%)
52;Discovery Science;BSS;bss_epg.xml;9rush.au;9Rush Sydney AU, 9Rush AU;74;24;1;0;1;33.2;18.6;How the Universe Works;How The Universe Works;How the Universe Works => How The Universe Works (100%)
53;Discovery Science;BSS;bss_epg.xml;9rushsydney.au;9Rush Sydney HD AU;62;23;1;0;1;33.1;18.2;How the Universe Works;How The Universe Works;How the Universe Works => How The Universe Works (100%)
54;Discovery Science;BSS;bss_epg.xml;9rushadelaide.au;9Rush Adelaide HD AU;61;22;1;0;1;32.9;16.7;How the Universe Works;How The Universe Works;How the Universe Works => How The Universe Works (100%)
55;Discovery Science;BSS;bss_epg.xml;travelchannel.za;Travel Channel ZA, Travel Channel;162;19;1;0;1;32.8;16.9;Truth Behind the Moon Landing;Truth Behind The Moon Landing;Truth Behind the Moon Landing => Truth Behind The Moon Landing (100%)
56;Discovery Science;BSS;bss_epg.xml;ctv2atlantic.ca;CTV 2 Atlantic CA;64;26;1;0;1;32.7;13.8;How It's Made: Dream Cars;How It's Made;How It's Made: Dream Cars => How It's Made (94%)
57;Discovery Science;BSS;bss_epg.xml;quest.uk;Quest FHD UK, Quest UK, Quest HD UK;60;18;1;0;1;32.7;16.3;How It's Made: Dream Cars;How It's Made;How It's Made: Dream Cars => How It's Made (94%)
58;Discovery Science;BSS;bss_epg.xml;questplus1.uk;Quest +1 UK;60;18;1;0;1;32.7;16.7;How It's Made: Dream Cars;How It's Made;How It's Made: Dream Cars => How It's Made (94%)
59;Discovery Science;BSS;bss_epg.xml;atticatv.gr;Attica TV GR;46;24;0;1;1;23.0;33.3;How the Universe Works;[K] Παιδικό Πρόγραμμα;How the Universe Works => [K] Παιδικό Πρόγραμμα (88%)
60;Discovery Science;OpenEPG:denmark1;denmark1.xml;HISTORY 2.dk;HISTORY 2.dk;68;23;0;1;1;22.9;33.3;How the Universe Works;The Universe;How the Universe Works => The Universe (88%)
61;Discovery Science;BSS;bss_epg.xml;smile.gr;Smile TV GR, Smile GR;192;56;0;1;1;22.7;20.5;How the Universe Works;[K] Κέιτ και Μιμ Μιμ;How the Universe Works => [K] Κέιτ και Μιμ Μιμ (88%)
62;Discovery Science;BSS;bss_epg.xml;ionianchannel.gr;Ionian TV GR;45;27;0;1;1;22.6;29.3;How the Universe Works;[K] Παιδικό Πρόγραμμα;How the Universe Works => [K] Παιδικό Πρόγραμμα (88%)
63;Discovery Science;BSS;bss_epg.xml;epsilon.gr;Epsilon GR;27;19;0;1;1;22.3;29.4;How the Universe Works;[K] Κεντρικό Δελτίο Ειδήσεων;How the Universe Works => [K] Κεντρικό Δελτίο Ειδήσεων (88%)
64;Discovery Science;EPGShare;epgshare_dk1.xml;dk4.dk;dk4;168;80;0;1;1;22.2;8.3;How the Universe Works;EU;How the Universe Works => EU (88%)
65;Discovery Science;OpenEPG:denmark2;denmark2.xml;DK4 Denmark (DK,DA).dk;DK4 Denmark (DK,DA).dk;86;54;0;1;1;22.2;16.7;How the Universe Works;EU;How the Universe Works => EU (88%)
66;Discovery Science;BSS;bss_epg.xml;novacinema1.gr;Nova Cinema 1 FHD GR;28;26;0;1;1;22.2;26.7;Truth Behind the Moon Landing;Σκύλος & Γάτα: Μια Τρελή Καταδίωξη;Truth Behind the Moon Landing => Σκύλος & Γάτα: Μια Τρελή Καταδίωξη (88%)
67;Discovery Science;BSS;bss_epg.xml;deltatv.gr;Delta TV HD GR;40;24;0;1;1;21.6;22.2;How the Universe Works;[K] Τα Νέα της Περιφέρειας Αν. Μακεδονίας - Θράκης;How the Universe Works => [K] Τα Νέα της Περιφέρειας Αν. Μακεδονίας - Θράκης (88%)
68;Discovery Science;BSS;bss_epg.xml;channel11.il;Channel 11 FHD IL;63;55;0;1;1;21.4;9.8;How It's Made: Dream Cars;Семь – c Аялой Хасон;How It's Made: Dream Cars => Семь – c Аялой Хасон (88%)
69;Discovery Science;EPGoal;epgoal.xml;oiiidk.dk;Oiii.dk;161;43;0;1;1;21.3;13.3;How It's Made: Dream Cars;AD?!;How It's Made: Dream Cars => AD?! (88%)
70;Discovery Science;BSS;bss_epg.xml;h2.se;H2 FHD SE [Multi-Sub], H2 SE, H2 HD DK, H2 FHD SE;65;14;0;1;1;21.3;23.1;How the Universe Works;The Universe;How the Universe Works => The Universe (88%)
71;Discovery Science;OpenEPG:denmark6;denmark6.xml;dk4.dk;dk4.dk;86;58;0;1;1;21.2;7.7;How the Universe Works;EU;How the Universe Works => EU (88%)
72;Discovery Science;OpenEPG:denmark2;denmark2.xml;History 2 Norway (NO,NO).dk;History 2 Norway (NO,NO).dk;69;15;0;1;1;21.2;21.4;How the Universe Works;The Universe;How the Universe Works => The Universe (88%)
73;Discovery Science;OpenEPG:denmark5;denmark5.xml;DK4.dk;DK4.dk;86;54;0;1;1;21.1;7.7;How the Universe Works;EU;How the Universe Works => EU (88%)
74;Discovery Science;OpenEPG:denmark3;denmark3.xml;DK4.dk;DK4.dk;78;54;0;1;1;21.1;7.7;How the Universe Works;EU;How the Universe Works => EU (88%)
75;Discovery Science;BSS;bss_epg.xml;motorvisionclassic.de;Motorvision Classic HD DE;49;15;0;1;1;21.1;20.7;How It's Made: Dream Cars;DreamCars;How It's Made: Dream Cars => DreamCars (88%)
76;Discovery Science;BSS;bss_epg.xml;neatv.gr;Nea TV GR;72;33;0;1;1;20.9;13.3;How the Universe Works;[K] Ντοκιμαντέρ;How the Universe Works => [K] Ντοκιμαντέρ (88%)
77;Discovery Science;BSS;bss_epg.xml;alert.gr;Alert GR;50;9;0;1;1;20.8;20.0;How the Universe Works;[K] Ανατρεπτικό Δελτίο;How the Universe Works => [K] Ανατρεπτικό Δελτίο (88%)
78;Discovery Science;BSS;bss_epg.xml;viasatexplore.gr;Viasat Explore HD GR;50;19;0;1;1;20.8;16.7;Extreme Engineering;Ο Xρυσός του Γιούκον;Extreme Engineering => Ο Xρυσός του Γιούκον (88%)
79;Discovery Science;BSS;bss_epg.xml;starttv.gr;Start TV GR;43;16;0;1;1;20.8;17.6;How the Universe Works;[K] Παιδικό Πρόγραμμα;How the Universe Works => [K] Παιδικό Πρόγραμμα (88%)
80;Discovery Science;BSS;bss_epg.xml;htmusic.ro;Hit Music RO;42;19;0;1;1;20.8;17.1;How It's Made: Dream Cars;A.M.;How It's Made: Dream Cars => A.M. (88%)
81;Discovery Science;BSS;bss_epg.xml;kontrachannel.gr;Kontra GR;25;9;0;1;1;20.8;20.5;Truth Behind the Moon Landing;Κόντρα & Ρήξη;Truth Behind the Moon Landing => Κόντρα & Ρήξη (88%)
82;Discovery Science;BSS;bss_epg.xml;skai.gr;Ekai HD GR, Skai GR;57;18;0;1;1;20.7;16.7;Truth Behind the Moon Landing;Αντώνιος & Κλεοπάτρα;Truth Behind the Moon Landing => Αντώνιος & Κλεοπάτρα (88%)
83;Discovery Science;BSS;bss_epg.xml;topchannel.gr;Top Channel HD GR;28;11;0;1;1;20.7;19.0;How the Universe Works;[K] Δελτίο Ειδήσεων;How the Universe Works => [K] Δελτίο Ειδήσεων (88%)
84;Discovery Science;BSS;bss_epg.xml;dk4.dk;DK 4 DK, DK 4 HD DK, DK 4 FHD DK;82;51;0;1;1;20.6;4.9;How the Universe Works;EU;How the Universe Works => EU (88%)
85;Discovery Science;BSS;bss_epg.xml;h2.no;H2 FHD NO [Multi-Sub], H2 HD NO, H2 HD FI;65;14;0;1;1;20.6;17.0;How the Universe Works;The Universe;How the Universe Works => The Universe (88%)
86;Discovery Science;OpenEPG:denmark2;denmark2.xml;BBC Nordic English (IS,EN).dk;BBC Nordic English (IS,EN).dk;78;20;0;1;1;20.4;13.3;How the Universe Works;Universe;How the Universe Works => Universe (88%)
87;Discovery Science;BSS;bss_epg.xml;bbcnordic.fi;BBC Nordic HD FI [Multi-Sub], BBC Nordic FHD FI [Multi-Sub];72;16;0;1;1;20.4;14.3;How the Universe Works;Universe;How the Universe Works => Universe (88%)
88;Discovery Science;BSS;bss_epg.xml;ginxesports.gr;Ginx EsportsTV GR;56;10;0;1;1;20.0;13.6;Truth Behind the Moon Landing;Σκάσε & Παίξε!;Truth Behind the Moon Landing => Σκάσε & Παίξε! (88%)
89;Discovery Science;BSS;bss_epg.xml;bluesky.gr;BluSky GR;37;14;0;1;1;20.0;12.1;How the Universe Works;[K] Κεντρικό Δελτίο Ειδήσεων;How the Universe Works => [K] Κεντρικό Δελτίο Ειδήσεων (88%)
90;Discovery Science;BSS;bss_epg.xml;eentertainment.us;E! Entertainment HD DK, E! Entertainment TV HD NO;42;12;0;1;1;19.9;11.4;Truth Behind the Moon Landing;Land;Truth Behind the Moon Landing => Land (88%)
91;Discovery Science;BSS;bss_epg.xml;discoveryscience.co;Discovery Science LAM;62;14;0;0;0;11.8;94.0;;;
92;Discovery Science;BSS;bss_epg.xml;discoveryscience.pl;Discovery Science FHD PL;62;13;0;0;0;11.8;94.0;;;
93;Discovery Science;BSS;bss_epg.xml;discoveryscience.ar;Discovery Science HD CHL;59;14;0;0;0;11.8;94.0;;;
94;Discovery Science;BSS;bss_epg.xml;discoveryscience.br;Discovery Science HD BR;59;14;0;0;0;11.8;94.0;;;
95;Discovery Science;BSS;bss_epg.xml;discoveryscience.il;Discovery Science IL;48;1;0;0;0;11.3;94.0;;;
96;Discovery Science;EPGShare;epgshare_dk1.xml;Discovery.Science.dk;Discovery Science;4;1;0;0;0;11.3;94.0;;;
97;Discovery Science;EPGoal;epgoal.xml;Discovery.Science.dk;Discovery Science;4;1;0;0;0;11.3;94.0;;;
98;Discovery Science;BSS;bss_epg.xml;discoveryscience.dk;Discovery Science HD DK;2;1;0;0;0;11.3;94.0;;;
99;Discovery Science;BSS;bss_epg.xml;discoveryscience.bg;Discovery Science HD BG;0;0;0;0;0;11.3;94.0;;;
100;Discovery Science;BSS;bss_epg.xml;discoveryscience.ca;Discovery Science CA;0;0;0;0;0;11.3;94.0;;;
101;Discovery Science;BSS;bss_epg.xml;discoveryscience.gr;Discovery Science GR;0;0;0;0;0;11.3;94.0;;;
102;Discovery Science;BSS;bss_epg.xml;discoveryscience.hr;Discovery Science HD HR;0;0;0;0;0;11.3;94.0;;;
103;Discovery Science;BSS;bss_epg.xml;discoveryscience.ro;Discovery Science HD RO;0;0;0;0;0;11.3;94.0;;;
104;Discovery Science;BSS;bss_epg.xml;discoveryscience.sa;OSN Discovery Science;0;0;0;0;0;11.3;94.0;;;
105;Discovery Science;BSS;bss_epg.xml;discoveryscience.tr;Discovery Science TR;0;0;0;0;0;11.3;94.0;;;
106;Discovery Science;BSS;bss_epg.xml;discovery.th;Discovery TH;61;24;0;0;0;8.5;63.2;;;
107;Discovery Science;EPGShare;epgshare_dk1.xml;Discovery.Channel.dk;Discovery Channel;94;25;0;0;0;7.7;56.0;;;
108;Discovery Science;EPGoal;epgoal.xml;discoverychannel.dk;Discovery Channel;94;25;0;0;0;7.7;56.0;;;
109;Discovery Science;BSS;bss_epg.xml;discoveryshed.uk;Discovery Shed UK;54;17;0;0;0;7.5;56.5;;;
110;Discovery Science;BSS;bss_epg.xml;discovery;Discovery FHD SK;0;0;0;0;0;7.4;61.5;;;
111;Discovery Science;BSS;bss_epg.xml;discoverykids.cl;LatinoKids HD CHL;0;0;0;0;0;7.3;60.9;;;
112;Discovery Science;BSS;bss_epg.xml;discoverylife.us;Discovery Life US;37;6;0;0;0;7.0;56.5;;;
113;Discovery Science;BSS;bss_epg.xml;6085;Discovery Channel FHD CZ;0;0;0;0;0;7.0;58.5;;;
114;Discovery Science;BSS;bss_epg.xml;idx.sa;OSN Discovery ID;0;0;0;0;0;6.9;57.1;;;
1;TV2 News;EPGShare;epgshare_dk1.xml;TV.2.News.dk;TV 2 News;55;15;5;0;5;161.9;94.0;Morgennyhederne på News | 12 News | Nyheder, sport og vejr | News & Co. | 18 News;Morgennyhederne på News | 12 News | Nyheder, sport, vejr | News & Co. | 18 News;Morgennyhederne på News => Morgennyhederne på News (100%) | 12 News => 12 News (100%) | Nyheder, sport og vejr => Nyheder, sport, vejr (94%) | News & Co. => News & Co. (100%) | 18 News => 18 News (100%)
2;TV2 News;BSS;bss_epg.xml;tv2news.dk;TV2 News FHD DK, TV2 News DK, TV2 News HD DK;30;13;5;0;5;161.8;94.0;Morgennyhederne på News | 12 News | Nyheder, sport og vejr | News & Co. | 18 News;Morgennyhederne på News | 12 News | Nyheder, sport, vejr | News & Co | 18 News;Morgennyhederne på News => Morgennyhederne på News (100%) | 12 News => 12 News (100%) | Nyheder, sport og vejr => Nyheder, sport, vejr (94%) | News & Co. => News & Co (100%) | 18 News => 18 News (100%)
3;TV2 News;OpenEPG:denmark4;denmark4.xml;TV 2 News.dk;TV 2 News.dk;27;12;5;0;5;161.8;94.0;Morgennyhederne på News | 12 News | Nyheder, sport og vejr | News & Co. | 18 News;Morgennyhederne på News | 12 News | Nyheder, sport, vejr | News & Co. | 18 News;Morgennyhederne på News => Morgennyhederne på News (100%) | 12 News => 12 News (100%) | Nyheder, sport og vejr => Nyheder, sport, vejr (94%) | News & Co. => News & Co. (100%) | 18 News => 18 News (100%)
4;TV2 News;OpenEPG:denmark6;denmark6.xml;tv2news.dk;tv2news.dk;27;12;5;0;5;161.8;94.0;Morgennyhederne på News | 12 News | Nyheder, sport og vejr | News & Co. | 18 News;Morgennyhederne på News | 12 News | Nyheder, sport, vejr | News And Co | 18 News;Morgennyhederne på News => Morgennyhederne på News (100%) | 12 News => 12 News (100%) | Nyheder, sport og vejr => Nyheder, sport, vejr (94%) | News & Co. => News And Co (100%) | 18 News => 18 News (100%)
5;TV2 News;EPGoal;epgoal.xml;news.dk;TV 2 News;55;15;5;0;5;161.2;88.0;Morgennyhederne på News | 12 News | Nyheder, sport og vejr | News & Co. | 18 News;Morgennyhederne på News | 12 News | Nyheder, sport, vejr | News & Co. | 18 News;Morgennyhederne på News => Morgennyhederne på News (100%) | 12 News => 12 News (100%) | Nyheder, sport og vejr => Nyheder, sport, vejr (94%) | News & Co. => News & Co. (100%) | 18 News => 18 News (100%)
6;TV2 News;OpenEPG:denmark5;denmark5.xml;TV 2 News.dk;TV 2 News.dk;28;12;4;1;5;149.8;94.0;Morgennyhederne på News | 12 News | Nyheder, sport og vejr | News & Co. | 18 News;Morgennyhederne på NEWS | 12 News | Nyheder, sport, vejr | Kommunalvalg: News & Co. | 18 News;Morgennyhederne på News => Morgennyhederne på NEWS (100%) | 12 News => 12 News (100%) | Nyheder, sport og vejr => Nyheder, sport, vejr (94%) | News & Co. => Kommunalvalg: News & Co. (88%) | 18 News => 18 News (100%)
7;TV2 News;OpenEPG:denmark2;denmark2.xml;TV 2 News Denmark (DK,DA).dk;TV 2 News Denmark (DK,DA).dk;26;10;4;1;5;149.7;94.0;Morgennyhederne på News | 12 News | Nyheder, sport og vejr | News & Co. | 18 News;Morgennyhederne på NEWS | 12 News | Nyheder, sport, vejr | Kommunalvalg: News & Co. | 18 News;Morgennyhederne på News => Morgennyhederne på NEWS (100%) | 12 News => 12 News (100%) | Nyheder, sport og vejr => Nyheder, sport, vejr (94%) | News & Co. => Kommunalvalg: News & Co. (88%) | 18 News => 18 News (100%)
8;TV2 News;OpenEPG:denmark3;denmark3.xml;TV2 News.dk;TV2 News.dk;13;10;4;0;4;131.7;94.0;12 News | Nyheder, sport og vejr | News & Co. | 18 News;12 News | Nyheder, sport, vejr | News & Co. | 18 News;12 News => 12 News (100%) | Nyheder, sport og vejr => Nyheder, sport, vejr (94%) | News & Co. => News & Co. (100%) | 18 News => 18 News (100%)
9;TV2 News;OpenEPG:denmark1;denmark1.xml;TV 2 News HD.dk;TV 2 News HD.dk;28;28;3;1;4;120.4;94.0;Morgennyhederne på News | 12 News | News & Co. | 18 News;Morgennyhederne på NEWS: 02.10.2026 04:00. | 12 News: 02.10.2026 12:00. | Kommunalvalg: News And Co. | 18 News: 02.10.2026 18:00.;Morgennyhederne på News => Morgennyhederne på NEWS: 02.10.2026 04:00. (94%) | 12 News => 12 News: 02.10.2026 12:00. (94%) | News & Co. => Kommunalvalg: News And Co. (88%) | 18 News => 18 News: 02.10.2026 18:00. (94%)
10;TV2 News;OpenEPG:denmark6;denmark6.xml;tv2midtvest.dk;tv2midtvest.dk;60;33;3;1;4;113.0;30.3;Morgennyhederne på News | 12 News | Nyheder, sport og vejr | 18 News;Nyheder | 12 News | Nyheder | 18 News;Morgennyhederne på News => Nyheder (88%) | 12 News => 12 News (100%) | Nyheder, sport og vejr => Nyheder (94%) | 18 News => 18 News (100%)
11;TV2 News;OpenEPG:denmark4;denmark4.xml;TV/Midt-Vest.dk;TV/Midt-Vest.dk;54;33;3;1;4;112.4;25.8;Morgennyhederne på News | 12 News | Nyheder, sport og vejr | 18 News;Nyheder | 12 News | Nyheder | 18 News;Morgennyhederne på News => Nyheder (88%) | 12 News => 12 News (100%) | Nyheder, sport og vejr => Nyheder (94%) | 18 News => 18 News (100%)
12;TV2 News;BSS;bss_epg.xml;channel11.il;Channel 11 FHD IL;63;55;2;2;4;99.7;12.5;Morgennyhederne på News | 12 News | News & Co. | 18 News;Фестиваль рассказчиков с Иоси Альфи – Ep | Люди, с которыми я встречался – Серия 1 | Семь – c Аялой Хасон | Люди, с которыми я встречался – Серия 1;Morgennyhederne på News => Фестиваль рассказчиков с Иоси Альфи – Ep (88%) | 12 News => Люди, с которыми я встречался – Серия 1 (94%) | News & Co. => Семь – c Аялой Хасон (88%) | 18 News => Люди, с которыми я встречался – Серия 1 (94%)
13;TV2 News;BSS;bss_epg.xml;ducktv.bg;Duck TV BG;344;88;0;5;5;95.6;17.4;Morgennyhederne på News | 12 News | Nyheder, sport og vejr | News & Co. | 18 News;Свeтът на Мимо | Свeтът на Мимо | Свeтът на Мимо | Свeтът на Мимо | Свeтът на Мимо;Morgennyhederne på News => Свeтът на Мимо (88%) | 12 News => Свeтът на Мимо (88%) | Nyheder, sport og vejr => Свeтът на Мимо (88%) | News & Co. => Свeтът на Мимо (88%) | 18 News => Свeтът на Мимо (88%)
14;TV2 News;BSS;bss_epg.xml;one2.il;ONE 2 HD IL;41;8;0;5;5;92.6;19.0;Morgennyhederne på News | 12 News | Nyheder, sport og vejr | News & Co. | 18 News;המיטב בסרייה A | פורמולה E | פורמולה E | המיטב בסרייה A | פורמולה E;Morgennyhederne på News => המיטב בסרייה A (88%) | 12 News => פורמולה E (88%) | Nyheder, sport og vejr => פורמולה E (88%) | News & Co. => המיטב בסרייה A (88%) | 18 News => פורמולה E (88%)
15;TV2 News;BSS;bss_epg.xml;sitel.mk;SITEL FHD MK, SITEL HD MK;62;23;0;5;5;91.6;6.1;Morgennyhederne på News | 12 News | Nyheder, sport og vejr | News & Co. | 18 News;Сè или нешто | Сè или нешто | Сè или нешто | Сè или нешто | Сè или нешто;Morgennyhederne på News => Сè или нешто (88%) | 12 News => Сè или нешто (88%) | Nyheder, sport og vejr => Сè или нешто (88%) | News & Co. => Сè или нешто (88%) | 18 News => Сè или нешто (88%)
16;TV2 News;BSS;bss_epg.xml;fox.bg;FOX HD BG;56;18;0;5;5;90.7;0.0;Morgennyhederne på News | 12 News | Nyheder, sport og vejr | News & Co. | 18 News;Лара Крофт: Томб Рeйдър | Лара Крофт: Томб Рeйдър | Лара Крофт: Томб Рeйдър | Лара Крофт: Томб Рeйдър | Лара Крофт: Томб Рeйдър;Morgennyhederne på News => Лара Крофт: Томб Рeйдър (88%) | 12 News => Лара Крофт: Томб Рeйдър (88%) | Nyheder, sport og vejr => Лара Крофт: Томб Рeйдър (88%) | News & Co. => Лара Крофт: Томб Рeйдър (88%) | 18 News => Лара Крофт: Томб Рeйдър (88%)
17;TV2 News;BSS;bss_epg.xml;tvbjade.hk;TVB Jade HD HK;88;63;1;3;4;89.2;22.2;Morgennyhederne på News | 12 News | Nyheder, sport og vejr | News & Co.;今個夏天食平D[粵] | 玉樓春#12[粵/普] | 今個夏天食平D[粵] | 今個夏天食平D[粵];Morgennyhederne på News => 今個夏天食平D[粵] (88%) | 12 News => 玉樓春#12[粵/普] (94%) | Nyheder, sport og vejr => 今個夏天食平D[粵] (88%) | News & Co. => 今個夏天食平D[粵] (88%)
18;TV2 News;BSS;bss_epg.xml;ndtv247.uk;NDTV 24*7 UK;100;19;1;3;4;88.6;32.0;Morgennyhederne på News | 12 News | News & Co. | 18 News;News | News | News | News;Morgennyhederne på News => News (88%) | 12 News => News (88%) | News & Co. => News (94%) | 18 News => News (88%)
19;TV2 News;BSS;bss_epg.xml;deentv.uk;Deen TV UK;48;31;1;3;4;88.4;26.1;Morgennyhederne på News | 12 News | News & Co. | 18 News;News | News | News | News;Morgennyhederne på News => News (88%) | 12 News => News (88%) | News & Co. => News (94%) | 18 News => News (88%)
20;TV2 News;EPGShare;epgshare_dk1.xml;Euronews.dk;Euronews;337;11;1;3;4;88.3;32.0;Morgennyhederne på News | 12 News | News & Co. | 18 News;News | News | News | News;Morgennyhederne på News => News (88%) | 12 News => News (88%) | News & Co. => News (94%) | 18 News => News (88%)
21;TV2 News;BSS;bss_epg.xml;euronews.ru;Euronews RU;171;11;1;3;4;88.0;29.6;Morgennyhederne på News | 12 News | News & Co. | 18 News;News. | News. | News. | News.;Morgennyhederne på News => News. (88%) | 12 News => News. (88%) | News & Co. => News. (94%) | 18 News => News. (88%)
22;TV2 News;BSS;bss_epg.xml;euronews.no;Euronews NO;100;9;1;3;4;87.9;29.6;Morgennyhederne på News | 12 News | News & Co. | 18 News;News | News | News | News;Morgennyhederne på News => News (88%) | 12 News => News (88%) | News & Co. => News (94%) | 18 News => News (88%)
23;TV2 News;BSS;bss_epg.xml;euronewsrs.rs;Euronews RS;167;11;1;3;4;87.8;27.6;Morgennyhederne på News | 12 News | News & Co. | 18 News;News | News | News | News;Morgennyhederne på News => News (88%) | 12 News => News (88%) | News & Co. => News (94%) | 18 News => News (88%)
24;TV2 News;BSS;bss_epg.xml;nbc4wnbcnewyork.us;NBC 4 (WNBC) New York HD US;61;36;1;3;4;87.7;18.6;Morgennyhederne på News | 12 News | News & Co. | 18 News;News | News | News | News;Morgennyhederne på News => News (88%) | 12 News => News (88%) | News & Co. => News (94%) | 18 News => News (88%)
25;TV2 News;BSS;bss_epg.xml;newvisiontv.uk;New Vision TV UK;98;13;1;3;4;87.4;24.2;Morgennyhederne på News | 12 News | News & Co. | 18 News;News | News | News | News;Morgennyhederne på News => News (88%) | 12 News => News (88%) | News & Co. => News (94%) | 18 News => News (88%)
26;TV2 News;BSS;bss_epg.xml;euronews.uk;Euronews UK, EuroNews;171;11;1;3;4;87.2;22.9;Morgennyhederne på News | 12 News | News & Co. | 18 News;News | News | News | News;Morgennyhederne på News => News (88%) | 12 News => News (88%) | News & Co. => News (94%) | 18 News => News (88%)
27;TV2 News;OpenEPG:denmark2;denmark2.xml;France 24 English (FR,EN).dk;France 24 English (FR,EN).dk;213;33;1;3;4;86.8;12.2;Morgennyhederne på News | 12 News | News & Co. | 18 News;News | News | News | News;Morgennyhederne på News => News (88%) | 12 News => News (88%) | News & Co. => News (94%) | 18 News => News (88%)
28;TV2 News;BSS;bss_epg.xml;euronews.nl;Euro News FHD NL, Euro News HD NL;94;10;1;3;4;86.7;19.0;Morgennyhederne på News | 12 News | News & Co. | 18 News;News | News | News | News;Morgennyhederne på News => News (88%) | 12 News => News (88%) | News & Co. => News (94%) | 18 News => News (88%)
29;TV2 News;BSS;bss_epg.xml;tracegospel.fr;Trace Gospel HD FR;27;13;1;3;4;86.6;17.1;Morgennyhederne på News | 12 News | News & Co. | 18 News;New | New | New | New;Morgennyhederne på News => New (88%) | 12 News => New (88%) | News & Co. => New (94%) | 18 News => New (88%)
30;TV2 News;BSS;bss_epg.xml;euronews.de;EuroNews Deutsch HD DE, Euronews FHD DE, Euronews HD DE;222;17;1;3;4;86.3;13.1;Morgennyhederne på News | 12 News | News & Co. | 18 News;News | News | News | News;Morgennyhederne på News => News (88%) | 12 News => News (88%) | News & Co. => News (94%) | 18 News => News (88%)
31;TV2 News;BSS;bss_epg.xml;automotorundsportchannel.de;Auto Motor Sport FHD DE, Auto Motor Sport HD DE;113;22;1;3;4;86.3;11.4;Morgennyhederne på News | 12 News | News & Co. | 18 News;NEWS | NEWS | NEWS | NEWS;Morgennyhederne på News => NEWS (88%) | 12 News => NEWS (88%) | News & Co. => NEWS (94%) | 18 News => NEWS (88%)
32;TV2 News;BSS;bss_epg.xml;trtworld.hr;TRT World HR;31;14;1;3;4;86.3;14.8;Morgennyhederne på News | 12 News | News & Co. | 18 News;News | News | News | News;Morgennyhederne på News => News (88%) | 12 News => News (88%) | News & Co. => News (94%) | 18 News => News (88%)
33;TV2 News;BSS;bss_epg.xml;realitateaplus.ro;Realitatea Plus RO;49;21;1;3;4;86.1;10.3;Morgennyhederne på News | 12 News | News & Co. | 18 News;News | News | News | News;Morgennyhederne på News => News (88%) | 12 News => News (88%) | News & Co. => News (94%) | 18 News => News (88%)
34;TV2 News;OpenEPG:denmark2;denmark2.xml;Euronews English France (FR,EN).dk;Euronews English France (FR,EN).dk;195;11;1;3;4;86.0;13.1;Morgennyhederne på News | 12 News | News & Co. | 18 News;News | News | News | News;Morgennyhederne på News => News (88%) | 12 News => News (88%) | News & Co. => News (94%) | 18 News => News (88%)
35;TV2 News;BSS;bss_epg.xml;trtworld.tr;TRT WORLD FHD, TRT WORLD FHD (BIO), TRT WORLD HD;97;27;1;3;4;86.0;7.7;Morgennyhederne på News | 12 News | News & Co. | 18 News;News | News | News | News;Morgennyhederne på News => News (88%) | 12 News => News (88%) | News & Co. => News (94%) | 18 News => News (88%)
36;TV2 News;BSS;bss_epg.xml;automotorsport.bg;Auto Motor Sport HD BG;38;21;1;3;4;86.0;9.8;Morgennyhederne på News | 12 News | News & Co. | 18 News;News | News | News | News;Morgennyhederne på News => News (88%) | 12 News => News (88%) | News & Co. => News (94%) | 18 News => News (88%)
37;TV2 News;BSS;bss_epg.xml;euronews.fr;Euronews FR, EuroNews HD FR, Euronews FHD FR, Euronews SD FR, Euronews HD FR;346;14;1;3;4;85.8;10.5;Morgennyhederne på News | 12 News | News & Co. | 18 News;News | News | News | News;Morgennyhederne på News => News (88%) | 12 News => News (88%) | News & Co. => News (94%) | 18 News => News (88%)
38;TV2 News;BSS;bss_epg.xml;tracecaribbean.fr;Trace Caribbean FR;21;13;1;3;4;85.8;10.3;Morgennyhederne på News | 12 News | News & Co. | 18 News;New | New | New | New;Morgennyhederne på News => New (88%) | 12 News => New (88%) | News & Co. => New (94%) | 18 News => New (88%)
39;TV2 News;BSS;bss_epg.xml;fairchild2.ca;Fairchild 2 CA;75;17;1;3;4;85.5;6.5;Morgennyhederne på News | 12 News | News & Co. | 18 News;News | News | News | News;Morgennyhederne på News => News (88%) | 12 News => News (88%) | News & Co. => News (94%) | 18 News => News (88%)
40;TV2 News;BSS;bss_epg.xml;alkasssix.qa;Al Kass 6 HD;7;7;1;3;4;85.2;7.4;Morgennyhederne på News | 12 News | News & Co. | 18 News;News | News | News | News;Morgennyhederne på News => News (88%) | 12 News => News (88%) | News & Co. => News (94%) | 18 News => News (88%)
41;TV2 News;BSS;bss_epg.xml;alkassseven.qa;Al Kass 7 HD;8;7;1;3;4;85.1;6.9;Morgennyhederne på News | 12 News | News & Co. | 18 News;News | News | News | News;Morgennyhederne på News => News (88%) | 12 News => News (88%) | News & Co. => News (94%) | 18 News => News (88%)
42;TV2 News;BSS;bss_epg.xml;aljazeera.uk;Al Jazeera FHD English UK, Al Jazeera FHD SE, Al Jazeera FHD NO, Al Jazeera English FHD FI, Al Jazeera English UK, Al Jazeera BE, Al Jazeera English FHD DE, Al Jazeera, Al Jazeera HD English UK, Al Jazeera English HD DE;74;15;1;3;4;84.9;2.1;Morgennyhederne på News | 12 News | News & Co. | 18 News;News | News | News | News;Morgennyhederne på News => News (88%) | 12 News => News (88%) | News & Co. => News (94%) | 18 News => News (88%)
43;TV2 News;BSS;bss_epg.xml;supertennis.it;Super Tennis FHD IT, Super Tennis HD IT;16;6;1;3;4;84.7;3.9;Morgennyhederne på News | 12 News | News & Co. | 18 News;News | News | News | News;Morgennyhederne på News => News (88%) | 12 News => News (88%) | News & Co. => News (94%) | 18 News => News (88%)
44;TV2 News;EPGShare;epgshare_dk1.xml;TV.2.dk;TV 2;115;42;2;1;3;84.5;40.0;12 News | Nyheder, sport og vejr | 18 News;12 News | Nyhederne, Sporten og Vejret | 18 News;12 News => 12 News (100%) | Nyheder, sport og vejr => Nyhederne, Sporten og Vejret (86%) | 18 News => 18 News (100%)
45;TV2 News;EPGoal;epgoal.xml;tv2.dk;TV 2;115;42;2;1;3;84.5;40.0;12 News | Nyheder, sport og vejr | 18 News;12 News | Nyhederne, Sporten og Vejret | 18 News;12 News => 12 News (100%) | Nyheder, sport og vejr => Nyhederne, Sporten og Vejret (86%) | 18 News => 18 News (100%)
46;TV2 News;OpenEPG:denmark6;denmark6.xml;tv2oest.dk;tv2oest.dk;58;31;2;1;3;84.0;40.0;12 News | Nyheder, sport og vejr | 18 News;12 News | Nyhederne og Vejret | 18 News;12 News => 12 News (100%) | Nyheder, sport og vejr => Nyhederne og Vejret (74%) | 18 News => 18 News (100%)
47;TV2 News;OpenEPG:denmark4;denmark4.xml;TV2 Øst.dk;TV2 Øst.dk;52;31;2;1;3;83.8;38.1;12 News | Nyheder, sport og vejr | 18 News;12 News | Nyhederne, Sporten og Vejret | 18 News;12 News => 12 News (100%) | Nyheder, sport og vejr => Nyhederne, Sporten og Vejret (86%) | 18 News => 18 News (100%)
48;TV2 News;OpenEPG:denmark6;denmark6.xml;tv2.dk;tv2.dk;59;36;2;1;3;83.7;35.3;12 News | Nyheder, sport og vejr | 18 News;12 News | Nyhederne, Sporten og Vejret | 18 News;12 News => 12 News (100%) | Nyheder, sport og vejr => Nyhederne, Sporten og Vejret (86%) | 18 News => 18 News (100%)
49;TV2 News;OpenEPG:denmark3;denmark3.xml;TV2.dk;TV2.dk;51;34;2;1;3;83.6;35.3;12 News | Nyheder, sport og vejr | 18 News;12 News | Nyhederne, Sporten og Ve ... | 18 News;12 News => 12 News (100%) | Nyheder, sport og vejr => Nyhederne, Sporten og Ve ... (84%) | 18 News => 18 News (100%)
50;TV2 News;OpenEPG:denmark6;denmark6.xml;tv2syd.dk;tv2syd.dk;59;34;2;1;3;83.5;34.8;12 News | Nyheder, sport og vejr | 18 News;12 News | Nyhederne og Vejret | 18 News;12 News => 12 News (100%) | Nyheder, sport og vejr => Nyhederne og Vejret (74%) | 18 News => 18 News (100%)
51;TV2 News;OpenEPG:denmark5;denmark5.xml;TV 2.dk;TV 2.dk;57;32;2;1;3;83.5;35.3;12 News | Nyheder, sport og vejr | 18 News;12 News | Nyhederne, Sporten og Vejret | 18 News;12 News => 12 News (100%) | Nyheder, sport og vejr => Nyhederne, Sporten og Vejret (86%) | 18 News => 18 News (100%)
52;TV2 News;OpenEPG:denmark4;denmark4.xml;TV2/Nord Salto.dk;TV2/Nord Salto.dk;53;36;2;1;3;82.9;28.6;12 News | Nyheder, sport og vejr | 18 News;12 News | Nyhederne, Sporten og Vejret | 18 News;12 News => 12 News (100%) | Nyheder, sport og vejr => Nyhederne, Sporten og Vejret (86%) | 18 News => 18 News (100%)
53;TV2 News;OpenEPG:denmark4;denmark4.xml;TV Syd.dk;TV Syd.dk;54;34;2;1;3;82.8;28.6;12 News | Nyheder, sport og vejr | 18 News;12 News | Nyhederne, Sporten og Vejret | 18 News;12 News => 12 News (100%) | Nyheder, sport og vejr => Nyhederne, Sporten og Vejret (86%) | 18 News => 18 News (100%)
54;TV2 News;OpenEPG:denmark4;denmark4.xml;TV Fyn.dk;TV Fyn.dk;55;32;2;1;3;82.7;28.6;12 News | Nyheder, sport og vejr | 18 News;12 News | Nyhederne, Sporten og Vejret | 18 News;12 News => 12 News (100%) | Nyheder, sport og vejr => Nyhederne, Sporten og Vejret (86%) | 18 News => 18 News (100%)
55;TV2 News;EPGShare;epgshare_dk1.xml;OTT.2.dk;OTT 2;115;42;2;1;3;82.5;23.5;12 News | Nyheder, sport og vejr | 18 News;12 News | Nyhederne, Sporten og Vejret | 18 News;12 News => 12 News (100%) | Nyheder, sport og vejr => Nyhederne, Sporten og Vejret (86%) | 18 News => 18 News (100%)
56;TV2 News;OpenEPG:denmark4;denmark4.xml;TV 2 Danmark.dk;TV 2 Danmark.dk;53;34;2;1;3;82.5;25.8;12 News | Nyheder, sport og vejr | 18 News;12 News | Nyhederne, Sporten og Vejret | 18 News;12 News => 12 News (100%) | Nyheder, sport og vejr => Nyhederne, Sporten og Vejret (86%) | 18 News => 18 News (100%)
57;TV2 News;OpenEPG:denmark4;denmark4.xml;TV 2/Bornholm.dk;TV 2/Bornholm.dk;55;37;2;1;3;82.4;24.2;12 News | Nyheder, sport og vejr | 18 News;12 News | Nyhederne, Sporten og Vejret | 18 News;12 News => 12 News (100%) | Nyheder, sport og vejr => Nyhederne, Sporten og Vejret (86%) | 18 News => 18 News (100%)
58;TV2 News;OpenEPG:denmark6;denmark6.xml;tv2kosmopol.dk;tv2kosmopol.dk;59;34;2;1;3;82.3;24.2;12 News | Nyheder, sport og vejr | 18 News;12 News | Nyhederne og Vejret | 18 News;12 News => 12 News (100%) | Nyheder, sport og vejr => Nyhederne og Vejret (74%) | 18 News => 18 News (100%)
59;TV2 News;OpenEPG:denmark4;denmark4.xml;TV 2| Østjylland.dk;TV 2| Østjylland.dk;53;36;2;1;3;82.2;22.9;12 News | Nyheder, sport og vejr | 18 News;12 News | Nyhederne, Sporten og Vejret | 18 News;12 News => 12 News (100%) | Nyheder, sport og vejr => Nyhederne, Sporten og Vejret (86%) | 18 News => 18 News (100%)
60;TV2 News;OpenEPG:denmark6;denmark6.xml;tv2ostjylland.dk;tv2ostjylland.dk;60;36;2;1;3;82.0;21.6;12 News | Nyheder, sport og vejr | 18 News;12 News | Nyhederne, Sporten og Vejret | 18 News;12 News => 12 News (100%) | Nyheder, sport og vejr => Nyhederne, Sporten og Vejret (86%) | 18 News => 18 News (100%)
61;TV2 News;BSS;bss_epg.xml;tv2.dk;TV2 FHD DK, TV2 HD DK;58;32;2;1;3;81.9;22.2;12 News | Nyheder, sport og vejr | 18 News;12 News | Nyhederne, Sporten og Vejret | 18 News;12 News => 12 News (100%) | Nyheder, sport og vejr => Nyhederne, Sporten og Vejret (86%) | 18 News => 18 News (100%)
62;TV2 News;OpenEPG:denmark2;denmark2.xml;TV 2 Denmark (DK,DA).dk;TV 2 Denmark (DK,DA).dk;57;32;2;1;3;81.7;20.5;12 News | Nyheder, sport og vejr | 18 News;12 News | Nyhederne, Sporten og Vejret | 18 News;12 News => 12 News (100%) | Nyheder, sport og vejr => Nyhederne, Sporten og Vejret (86%) | 18 News => 18 News (100%)
63;TV2 News;EPGoal;epgoal.xml;tv2kosmopoldk.dk;TV2 Kosmopol.dk;37;24;2;1;3;81.7;22.9;12 News | Nyheder, sport og vejr | 18 News;12 News | Nyhederne og Vejret | 18 News;12 News => 12 News (100%) | Nyheder, sport og vejr => Nyhederne og Vejret (74%) | 18 News => 18 News (100%)
64;TV2 News;OpenEPG:denmark4;denmark4.xml;Kosmopol (Digital).dk;Kosmopol (Digital).dk;53;34;2;1;3;79.9;4.9;12 News | Nyheder, sport og vejr | 18 News;12 News | Nyhederne, Sporten og Vejret | 18 News;12 News => 12 News (100%) | Nyheder, sport og vejr => Nyhederne, Sporten og Vejret (86%) | 18 News => 18 News (100%)
65;TV2 News;BSS;bss_epg.xml;disney.il;Disney HD IL;132;116;2;0;2;66.9;24.0;12 News | 18 News;קיף - פרק 1 | קיף - פרק 1;12 News => קיף - פרק 1 (94%) | 18 News => קיף - פרק 1 (94%)
66;TV2 News;BSS;bss_epg.xml;disneyjr.il;Disney Jr IL;153;125;2;0;2;66.7;22.2;12 News | 18 News;מיקי מאוס - כייף של בית - פרק 1 | מיקי מאוס - כייף של בית - פרק 1;12 News => מיקי מאוס - כייף של בית - פרק 1 (94%) | 18 News => מיקי מאוס - כייף של בית - פרק 1 (94%)
67;TV2 News;OpenEPG:denmark1;denmark1.xml;TV 2 / Øst.dk;TV 2 / Øst.dk;57;43;2;0;2;66.3;38.1;12 News | 18 News;12 News: 02.10.2026 12:00. | 18 News: 02.10.2026 18:00.;12 News => 12 News: 02.10.2026 12:00. (94%) | 18 News => 18 News: 02.10.2026 18:00. (94%)
68;TV2 News;BSS;bss_epg.xml;babytv.il;Baby TV IL;549;418;2;0;2;66.1;17.4;12 News | 18 News;שירים ראשונים - פרק 12 | ספר הג'ונגל - פרק 1;12 News => שירים ראשונים - פרק 12 (94%) | 18 News => ספר הג'ונגל - פרק 1 (94%)
69;TV2 News;OpenEPG:denmark1;denmark1.xml;TV 2 / Syd.dk;TV 2 / Syd.dk;58;42;2;0;2;65.9;34.8;12 News | 18 News;12 News: 02.10.2026 12:00. | 18 News: 02.10.2026 18:00.;12 News => 12 News: 02.10.2026 12:00. (94%) | 18 News => 18 News: 02.10.2026 18:00. (94%)
70;TV2 News;OpenEPG:denmark1;denmark1.xml;TV 2 / Fyn.dk;TV 2 / Fyn.dk;60;40;2;0;2;65.8;34.8;12 News | 18 News;12 News: 02.10.2026 12:00. | 18 News: 02.10.2026 18:00.;12 News => 12 News: 02.10.2026 12:00. (94%) | 18 News => 18 News: 02.10.2026 18:00. (94%)
71;TV2 News;BSS;bss_epg.xml;disneychannel.bg;Disney Channel BG;107;94;2;0;2;65.7;16.2;12 News | 18 News;Момче, Момиче и т.н. , сезон 1 , епизод 2 | Агент Пи под прикритие , сезон 1 , епизод 8;12 News => Момче, Момиче и т.н. , сезон 1 , епизод 2 (94%) | 18 News => Агент Пи под прикритие , сезон 1 , епизод 8 (94%)
72;TV2 News;OpenEPG:denmark1;denmark1.xml;TV 2 / Nord.dk;TV 2 / Nord.dk;58;44;2;0;2;65.6;32.0;12 News | 18 News;12 News: 02.10.2026 12:00. | 18 News: 02.10.2026 18:00.;12 News => 12 News: 02.10.2026 12:00. (94%) | 18 News => 18 News: 02.10.2026 18:00. (94%)
73;TV2 News;BSS;bss_epg.xml;nickelodeon.il;Nickelodeon IL;121;108;2;0;2;65.5;12.1;12 News | 18 News;Марсупилами - 1. | Марсупилами - 1.;12 News => Марсупилами - 1. (94%) | 18 News => Марсупилами - 1. (94%)
74;TV2 News;OpenEPG:denmark1;denmark1.xml;TV 2 / Midt Vest.dk;TV 2 / Midt Vest.dk;59;42;2;0;2;65.3;30.3;12 News | 18 News;12 News: 02.10.2026 12:00. | 18 News: 02.10.2026 18:00.;12 News => 12 News: 02.10.2026 12:00. (94%) | 18 News => 18 News: 02.10.2026 18:00. (94%)
75;TV2 News;BSS;bss_epg.xml;tv3.ru;TV3 RU;66;56;2;0;2;65.1;23.5;12 News | 18 News;Новый день (1-я серия) | Новый день (1-я серия);12 News => Новый день (1-я серия) (94%) | 18 News => Новый день (1-я серия) (94%)
76;TV2 News;BSS;bss_epg.xml;nickjr.bg;Nick JR. BG;132;120;2;0;2;65.0;8.7;12 News | 18 News;Тим Рекс в космоса, сез.1, еп.2 | Барбароните, сез.1, еп.8;12 News => Тим Рекс в космоса, сез.1, еп.2 (94%) | 18 News => Барбароните, сез.1, еп.8 (94%)
77;TV2 News;BSS;bss_epg.xml;yestvcomedy.il;YES TV Comedy IL;97;49;2;0;2;64.9;24.2;12 News | 18 News;רוחות רפאים (בריטניה) - פרק 1 | רוחות רפאים (בריטניה) - פרק 1;12 News => רוחות רפאים (בריטניה) - פרק 1 (94%) | 18 News => רוחות רפאים (בריטניה) - פרק 1 (94%)
78;TV2 News;OpenEPG:denmark1;denmark1.xml;TV 2 / Bornholm.dk;TV 2 / Bornholm.dk;60;45;2;0;2;64.7;24.2;12 News | 18 News;12 News: 02.10.2026 12:00. | 18 News: 02.10.2026 18:00.;12 News => 12 News: 02.10.2026 12:00. (94%) | 18 News => 18 News: 02.10.2026 18:00. (94%)
79;TV2 News;OpenEPG:denmark1;denmark1.xml;TV 2 HD (D).dk;TV 2 HD (D).dk;57;40;2;0;2;64.7;26.1;12 News | 18 News;12 News: 02.10.2026 12:00. | 18 News: 02.10.2026 18:00.;12 News => 12 News: 02.10.2026 12:00. (94%) | 18 News => 18 News: 02.10.2026 18:00. (94%)
80;TV2 News;OpenEPG:denmark1;denmark1.xml;TV 2 / Østjylland.dk;TV 2 / Østjylland.dk;58;44;2;0;2;64.5;22.9;12 News | 18 News;12 News: 02.10.2026 12:00. | 18 News: 02.10.2026 18:00.;12 News => 12 News: 02.10.2026 12:00. (94%) | 18 News => 18 News: 02.10.2026 18:00. (94%)
81;TV2 News;BSS;bss_epg.xml;teennick.il;Teen Nick IL;99;63;2;0;2;64.3;14.8;12 News | 18 News;Мой личный робот - 12 | Собачий дом - 1;12 News => Мой личный робот - 12 (94%) | 18 News => Собачий дом - 1 (94%)
82;TV2 News;BSS;bss_epg.xml;nickjr.il;Nick Jr IL;135;80;2;0;2;64.2;8.7;12 News | 18 News;Щенячий патруль - 1 | Щенячий патруль - 1;12 News => Щенячий патруль - 1 (94%) | 18 News => Щенячий патруль - 1 (94%)
83;TV2 News;BSS;bss_epg.xml;travelchannel.il;Travel Channel HD IL;71;42;2;0;2;64.1;20.5;12 News | 18 News;Пустыня Гоби с Ником Ноулзом - 1. | Пустыня Гоби с Ником Ноулзом - 1.;12 News => Пустыня Гоби с Ником Ноулзом - 1. (94%) | 18 News => Пустыня Гоби с Ником Ноулзом - 1. (94%)
84;TV2 News;BSS;bss_epg.xml;yestvdrama.il;YES TV Drama IL;58;26;2;0;2;64.1;25.8;12 News | 18 News;תעלומות בפרובאנס - פרק 1 | תעלומות בפרובאנס - פרק 1;12 News => תעלומות בפרובאנס - פרק 1 (94%) | 18 News => תעלומות בפרובאנס - פרק 1 (94%)
85;TV2 News;BSS;bss_epg.xml;vivaplus.il;VIVA Plus IL;66;51;2;0;2;63.8;14.8;12 News | 18 News;הצטלבות - פרק 12 | הצטלבות - פרק 18;12 News => הצטלבות - פרק 12 (94%) | 18 News => הצטלבות - פרק 18 (94%)
86;TV2 News;BSS;bss_epg.xml;luli.il;Luli IL;409;90;2;0;2;63.6;0.0;12 News | 18 News;סיפור - פרק 1 | סיפור - פרק 1;12 News => סיפור - פרק 1 (94%) | 18 News => סיפור - פרק 1 (94%)
87;TV2 News;BSS;bss_epg.xml;rtssvet.rs;RTS Svet HD RS, RTS Svet RS;94;55;2;0;2;63.5;11.1;12 News | 18 News;Дневник 1 | Дневник 1;12 News => Дневник 1 (94%) | 18 News => Дневник 1 (94%)
88;TV2 News;BSS;bss_epg.xml;foodchannel.il;Food Channel IL;77;51;2;0;2;63.5;12.1;12 News | 18 News;יוחננוב'ס: ספיישל סוכות - פרק 1 | יוחננוב'ס: ספיישל סוכות - פרק 1;12 News => יוחננוב'ס: ספיישל סוכות - פרק 1 (94%) | 18 News => יוחננוב'ס: ספיישל סוכות - פרק 1 (94%)
89;TV2 News;BSS;bss_epg.xml;mbc4.ae;MBC 4 ᴴᴰ;75;46;2;0;2;63.3;11.8;12 News | 18 News;أعلى نسبة مشاهدة (حلقة1) | أعلى نسبة مشاهدة (حلقة1);12 News => أعلى نسبة مشاهدة (حلقة1) (94%) | 18 News => أعلى نسبة مشاهدة (حلقة1) (94%)
90;TV2 News;BSS;bss_epg.xml;mbc4.sa;MBC 4;75;46;2;0;2;63.3;11.8;12 News | 18 News;أعلى نسبة مشاهدة (حلقة1) | أعلى نسبة مشاهدة (حلقة1);12 News => أعلى نسبة مشاهدة (حلقة1) (94%) | 18 News => أعلى نسبة مشاهدة (حلقة1) (94%)
91;TV2 News;BSS;bss_epg.xml;mbcaction.sa;MBC Action, MBC Action ᴴᴰ;64;32;2;0;2;63.3;16.7;12 News | 18 News;إيل أوف مان تي تي (حلقة12) | سباق الجائزة الكبرى التاريخي في موناكو (حلقة1);12 News => إيل أوف مان تي تي (حلقة12) (94%) | 18 News => سباق الجائزة الكبرى التاريخي في موناكو (حلقة1) (94%)
92;TV2 News;BSS;bss_epg.xml;docubox.ru;Docu Box RU;84;79;2;0;2;63.2;0.0;12 News | 18 News;Путешествие мечты, 1 эп. Мексика, Канкун. | Путешествие мечты, 1 эп. Мексика, Канкун.;12 News => Путешествие мечты, 1 эп. Мексика, Канкун. (94%) | 18 News => Путешествие мечты, 1 эп. Мексика, Канкун. (94%)
93;TV2 News;BSS;bss_epg.xml;tlc.il;TLC HD IL;70;49;2;0;2;63.2;10.5;12 News | 18 News;פולשי הגוף - פרק 1 | פולשי הגוף - פרק 1;12 News => פולשי הגוף - פרק 1 (94%) | 18 News => פולשי הגוף - פרק 1 (94%)
94;TV2 News;BSS;bss_epg.xml;rts1.rs;RTS 1 HD RS, RTS 1 FHD RS;67;41;2;0;2;63.2;13.3;12 News | 18 News;Дневник 1 | Дневник 1;12 News => Дневник 1 (94%) | 18 News => Дневник 1 (94%)
95;TV2 News;BSS;bss_epg.xml;discoverychannel.gr;Discovery Channel GR;59;25;2;0;2;63.2;18.6;12 News | 18 News;Ο Μάστορας της Πισίνας - 1ος Κύκλος | Ο Μάστορας της Πισίνας - 1ος Κύκλος;12 News => Ο Μάστορας της Πισίνας - 1ος Κύκλος (94%) | 18 News => Ο Μάστορας της Πισίνας - 1ος Κύκλος (94%)
96;TV2 News;BSS;bss_epg.xml;ictv2.ua;ICTV2 UA, ICTV2 HD UA;26;19;2;0;2;63.2;20.0;12 News | 18 News;Ланцюгова реакція, 1 ч | Ланцюгова реакція, 1 ч;12 News => Ланцюгова реакція, 1 ч (94%) | 18 News => Ланцюгова реакція, 1 ч (94%)
97;TV2 News;BSS;bss_epg.xml;yescomedy.il;YES Comedy HD IL;68;39;2;0;2;63.1;12.9;12 News | 18 News;רוחות רפאים (בריטניה) - פרק 1. | רוחות רפאים (בריטניה) - פרק 1.;12 News => רוחות רפאים (בריטניה) - פרק 1. (94%) | 18 News => רוחות רפאים (בריטניה) - פרק 1. (94%)
98;TV2 News;BSS;bss_epg.xml;true4u.th;True4U TH;47;25;2;0;2;63.1;17.4;12 News | 18 News;ภาพยนตร์ซีรีส์ ศรีอโยธยา ภาค1 | ภาพยนตร์ซีรีส์ ศรีอโยธยา ภาค1;12 News => ภาพยนตร์ซีรีส์ ศรีอโยธยา ภาค1 (94%) | 18 News => ภาพยนตร์ซีรีส์ ศรีอโยธยา ภาค1 (94%)
99;TV2 News;BSS;bss_epg.xml;disneyjunior.gr;Disney Junior GR;203;23;2;0;2;63.0;17.1;12 News | 18 News;Μπλούι - 1ος Κύκλος | Μπλούι - 1ος Κύκλος;12 News => Μπλούι - 1ος Κύκλος (94%) | 18 News => Μπλούι - 1ος Κύκλος (94%)
100;TV2 News;BSS;bss_epg.xml;goodlife.il;Good Life IL;76;52;2;0;2;63.0;7.4;12 News | 18 News;בגרות באמהות: מפגש משפחתי - פרק 1 | בגרות באמהות: מפגש משפחתי - פרק 1;12 News => בגרות באמהות: מפגש משפחתי - פרק 1 (94%) | 18 News => בגרות באמהות: מפגש משפחתי - פרק 1 (94%)
101;TV2 News;BSS;bss_epg.xml;tptv.th;TPTV HD TH;21;18;2;0;2;63.0;19.0;12 News | 18 News;กฎหมายหน้า 1 | กฎหมายหน้า 1;12 News => กฎหมายหน้า 1 (94%) | 18 News => กฎหมายหน้า 1 (94%)
102;TV2 News;BSS;bss_epg.xml;zoom.ua;Zoom HD UA, Zoom UA;80;70;2;0;2;62.8;0.0;12 News | 18 News;"""Легенди бандитського Києва"", 12 еп | ""Україна: забута історія"", 1 еп. ""Крути: Молода кров""";"12 News => ""Легенди бандитського Києва"", 12 еп (94%) | 18 News => ""Україна: забута історія"", 1 еп. ""Крути: Молода кров"" (94%)"
103;TV2 News;BSS;bss_epg.xml;yesdrama.il;YES Drama HD IL;39;23;2;0;2;62.6;13.8;12 News | 18 News;תעלומות בפרובאנס - פרק 1. | תעלומות בפרובאנס - פרק 1.;12 News => תעלומות בפרובאנס - פרק 1. (94%) | 18 News => תעלומות בפרובאנס - פרק 1. (94%)
104;TV2 News;BSS;bss_epg.xml;yesaction.il;YES Action HD IL;38;27;2;0;2;62.6;12.9;12 News | 18 News;ריבוס - פרק 1. | ריבוס - פרק 1.;12 News => ריבוס - פרק 1. (94%) | 18 News => ריבוס - פרק 1. (94%)
105;TV2 News;BSS;bss_epg.xml;yamtihoni.il;Yam Tihoni IL;61;21;2;0;2;62.5;13.8;12 News | 18 News;הכלה ממקסיקו (אהבה נצחית) - פרק 1 | הכלה ממקסיקו (אהבה נצחית) - פרק 1;12 News => הכלה ממקסיקו (אהבה נצחית) - פרק 1 (94%) | 18 News => הכלה ממקסיקו (אהבה נצחית) - פרק 1 (94%)
106;TV2 News;BSS;bss_epg.xml;animalplanet.gr;Animal Planet GR;54;27;2;0;2;62.5;11.4;12 News | 18 News;Δρ. Τζεφ: Κτηνίατρος στα Βραχώδη Όρη - 1ος Κύκλος | Δρ. Τζεφ: Κτηνίατρος στα Βραχώδη Όρη - 1ος Κύκλος;12 News => Δρ. Τζεφ: Κτηνίατρος στα Βραχώδη Όρη - 1ος Κύκλος (94%) | 18 News => Δρ. Τζεφ: Κτηνίατρος στα Βραχώδη Όρη - 1ος Κύκλος (94%)
107;TV2 News;BSS;bss_epg.xml;tlc.gr;TLC GR;71;23;2;0;2;62.3;11.8;12 News | 18 News;Σπίτι με Εξάδυμα - 1ος Κύκλος | Σπίτι με Εξάδυμα - 1ος Κύκλος;12 News => Σπίτι με Εξάδυμα - 1ος Κύκλος (94%) | 18 News => Σπίτι με Εξάδυμα - 1ος Κύκλος (94%)
108;TV2 News;BSS;bss_epg.xml;diemasport3.bg;Diema sport 3 HD BG;34;24;2;0;2;62.3;11.4;12 News | 18 News;"Студио ""Формула 1""директно | Студио ""Формула 1""директно";"12 News => Студио ""Формула 1""директно (94%) | 18 News => Студио ""Формула 1""директно (94%)"
109;TV2 News;BSS;bss_epg.xml;mbc1.ae;MBC 1 ᴴᴰ, MBC 1 ᴴᴰ FHD;49;29;2;0;2;62.2;8.3;12 News | 18 News;كفو (حلقة1) | كفو (حلقة1);12 News => كفو (حلقة1) (94%) | 18 News => كفو (حلقة1) (94%)
110;TV2 News;BSS;bss_epg.xml;hop.il;Hop IL;203;50;2;0;2;62.0;0.0;12 News | 18 News;Душевная семейка - 1. | Душевная семейка - 1.;12 News => Душевная семейка - 1. (94%) | 18 News => Душевная семейка - 1. (94%)
111;TV2 News;BSS;bss_epg.xml;novasport.bg;Nova Sport HD BG;8;7;2;0;2;61.8;12.9;12 News | 18 News;Футбол: УЕФА Лига на нациите: 1 кръг: Грузия - Северна Ирландия | Футбол: УЕФА Лига на нациите: 1 кръг: Грузия - Северна Ирландия;12 News => Футбол: УЕФА Лига на нациите: 1 кръг: Грузия - Северна Ирландия (94%) | 18 News => Футбол: УЕФА Лига на нациите: 1 кръг: Грузия - Северна Ирландия (94%)
112;TV2 News;BSS;bss_epg.xml;mbcdrama.ae;MBC Drama, MBC Drama ᴴᴰ;48;25;2;0;2;61.7;6.1;12 News | 18 News;المداح: أسطورة العشق (حلقة12) | حياتي المثالية (حلقة1);12 News => المداح: أسطورة العشق (حلقة12) (94%) | 18 News => حياتي المثالية (حلقة1) (94%)
113;TV2 News;BSS;bss_epg.xml;sport5live.il;Sport 5 Live HD IL;30;24;2;0;2;61.7;6.1;12 News | 18 News;ישיר! פורמולה 1 | ישיר! פורמולה 1;12 News => ישיר! פורמולה 1 (94%) | 18 News => ישיר! פורמולה 1 (94%)
114;TV2 News;BSS;bss_epg.xml;yeschildhood.il;YES Childhood IL;12;6;2;0;2;61.6;11.4;12 News | 18 News;עוץ לי גוץ לי - פרק 1 | עוץ לי גוץ לי - פרק 1;12 News => עוץ לי גוץ לי - פרק 1 (94%) | 18 News => עוץ לי גוץ לי - פרק 1 (94%)
115;TV2 News;BSS;bss_epg.xml;foxcrime.bg;Fox Crime HD BG;48;15;2;0;2;61.4;6.9;12 News | 18 News;Случаите на адвокат Гуериери: сезон 1 | Случаите на адвокат Гуериери: сезон 1;12 News => Случаите на адвокат Гуериери: сезон 1 (94%) | 18 News => Случаите на адвокат Гуериери: сезон 1 (94%)
116;TV2 News;BSS;bss_epg.xml;sport5.il;Sport 5+ HD IL, Sport 5 HD IL;15;3;2;0;2;60.8;5.7;12 News | 18 News;פורמולה 1 - מירוץ אזרבייג'אן (ש.ח.) | פורמולה 1 - מירוץ אזרבייג'אן (ש.ח.);12 News => פורמולה 1 - מירוץ אזרבייג'אן (ש.ח.) (94%) | 18 News => פורמולה 1 - מירוץ אזרבייג'אן (ש.ח.) (94%)
117;TV2 News;BSS;bss_epg.xml;adsportsasia1.ae;Abu Dhabi PLUS 1 FHD;48;1;2;0;2;60.7;5.3;12 News | 18 News;أبوظبي الرياضية آسيا 1 | أبوظبي الرياضية آسيا 1;12 News => أبوظبي الرياضية آسيا 1 (94%) | 18 News => أبوظبي الرياضية آسيا 1 (94%)
118;TV2 News;BSS;bss_epg.xml;arryadia.ma;Arryadia 3 FHD;37;18;2;0;2;60.7;0.0;12 News | 18 News;دوري كاراتيه 1 | دوري كاراتيه 1;12 News => دوري كاراتيه 1 (94%) | 18 News => دوري كاراتيه 1 (94%)
119;TV2 News;BSS;bss_epg.xml;rts3.rs;RTS 3 FHD RS, RTS 3 HD RS;55;49;0;3;3;57.6;13.3;Morgennyhederne på News | 12 News | Nyheder, sport og vejr;Културни центар (R) | Дневник 2 на знаковном језику | Културни центар (R);Morgennyhederne på News => Културни центар (R) (88%) | 12 News => Дневник 2 на знаковном језику (88%) | Nyheder, sport og vejr => Културни центар (R) (88%)
120;TV2 News;BSS;bss_epg.xml;tvtokyo.jp;BS TV Tokyo JP, TV Tokyo JP;9;9;0;3;3;56.4;16.7;Morgennyhederne på News | Nyheder, sport og vejr | News & Co.;Dの旋律〜ダンスと音楽のシンフォニー〜 | Dの旋律〜ダンスと音楽のシンフォニー〜 | Dの旋律〜ダンスと音楽のシンフォニー〜;Morgennyhederne på News => Dの旋律〜ダンスと音楽のシンフォニー〜 (88%) | Nyheder, sport og vejr => Dの旋律〜ダンスと音楽のシンフォニー〜 (88%) | News & Co. => Dの旋律〜ダンスと音楽のシンフォニー〜 (88%)
121;TV2 News;BSS;bss_epg.xml;natgeowild.gr;National Geographic Wild GR;67;14;0;3;3;56.2;14.0;Morgennyhederne på News | Nyheder, sport og vejr | News & Co.;O Απίθανος Δρ. Πολ | O Απίθανος Δρ. Πολ | O Απίθανος Δρ. Πολ;Morgennyhederne på News => O Απίθανος Δρ. Πολ (88%) | Nyheder, sport og vejr => O Απίθανος Δρ. Πολ (88%) | News & Co. => O Απίθανος Δρ. Πολ (88%)
122;TV2 News;EPGShare;epgshare_dk1.xml;TV2.NORD.dk;TV2 NORD;66;18;1;1;2;52.9;34.8;Morgennyhederne på News | Nyheder, sport og vejr;Nyheder | Nyheder;Morgennyhederne på News => Nyheder (88%) | Nyheder, sport og vejr => Nyheder (94%)
123;TV2 News;OpenEPG:denmark6;denmark6.xml;tv2nord.dk;tv2nord.dk;35;14;1;1;2;52.4;32.0;Morgennyhederne på News | Nyheder, sport og vejr;Nyheder | Nyheder;Morgennyhederne på News => Nyheder (88%) | Nyheder, sport og vejr => Nyheder (94%)
124;TV2 News;EPGShare;epgshare_dk1.xml;3Sat.dk;3Sat;152;73;1;1;2;52.3;11.8;Morgennyhederne på News | Nyheder, sport og vejr;Nyheder | Nyheder;Morgennyhederne på News => Nyheder (88%) | Nyheder, sport og vejr => Nyheder (94%)
125;TV2 News;EPGShare;epgshare_dk1.xml;NDR.dk;NDR;157;53;1;1;2;51.7;13.3;Morgennyhederne på News | Nyheder, sport og vejr;Nyheder | Nyheder;Morgennyhederne på News => Nyheder (88%) | Nyheder, sport og vejr => Nyheder (94%)
126;TV2 News;EPGShare;epgshare_dk1.xml;NRK1.dk;NRK1;125;50;1;1;2;51.4;11.8;Morgennyhederne på News | Nyheder, sport og vejr;Nyheder | Nyheder;Morgennyhederne på News => Nyheder (88%) | Nyheder, sport og vejr => Nyheder (94%)
127;TV2 News;OpenEPG:denmark4;denmark4.xml;NDR.dk;NDR.dk;73;41;1;1;2;51.1;11.8;Morgennyhederne på News | Nyheder, sport og vejr;Nyheder | Nyheder;Morgennyhederne på News => Nyheder (88%) | Nyheder, sport og vejr => Nyheder (94%)
128;TV2 News;BSS;bss_epg.xml;tv2nordsalto.dk;TV2 Nord HD DK, TV2 Nord Salto HD DK;32;12;1;1;2;51.0;20.8;Morgennyhederne på News | Nyheder, sport og vejr;Nyheder | Nyheder;Morgennyhederne på News => Nyheder (88%) | Nyheder, sport og vejr => Nyheder (94%)
129;TV2 News;OpenEPG:denmark4;denmark4.xml;3sat.dk;3sat.dk;54;35;1;1;2;50.7;10.5;Morgennyhederne på News | Nyheder, sport og vejr;Nyheder | Nyheder;Morgennyhederne på News => Nyheder (88%) | Nyheder, sport og vejr => Nyheder (94%)
130;TV2 News;OpenEPG:denmark4;denmark4.xml;NRK1.dk;NRK1.dk;54;35;1;1;2;50.7;10.5;Morgennyhederne på News | Nyheder, sport og vejr;Nyheder | Nyheder;Morgennyhederne på News => Nyheder (88%) | Nyheder, sport og vejr => Nyheder (94%)
131;TV2 News;EPGShare;epgshare_dk1.xml;ZDF.dk;ZDF;129;63;1;1;2;50.5;0.0;Morgennyhederne på News | Nyheder, sport og vejr;Nyheder | Nyheder;Morgennyhederne på News => Nyheder (88%) | Nyheder, sport og vejr => Nyheder (94%)
132;TV2 News;EPGShare;epgshare_dk1.xml;ARD.dk;ARD;147;55;1;1;2;50.2;0.0;Morgennyhederne på News | Nyheder, sport og vejr;Nyheder | Nyheder;Morgennyhederne på News => Nyheder (88%) | Nyheder, sport og vejr => Nyheder (94%)
133;TV2 News;OpenEPG:denmark4;denmark4.xml;ARD.dk;ARD.dk;71;45;1;1;2;49.8;0.0;Morgennyhederne på News | Nyheder, sport og vejr;Nyheder | Nyheder;Morgennyhederne på News => Nyheder (88%) | Nyheder, sport og vejr => Nyheder (94%)
134;TV2 News;BSS;bss_epg.xml;tensydney.au;TEN Sydney AU;72;28;0;2;2;40.4;27.6;12 News | 18 News;10 News | 10 News;12 News => 10 News (83%) | 18 News => 10 News (83%)
135;TV2 News;BSS;bss_epg.xml;rtsnauka.rs;RTS Nauka HD RS;88;61;0;2;2;40.1;13.8;Morgennyhederne på News | Nyheder, sport og vejr;Час анатомијеКласична литература (R) | Час анатомијеКласична литература (R);Morgennyhederne på News => Час анатомијеКласична литература (R) (88%) | Nyheder, sport og vejr => Час анатомијеКласична литература (R) (88%)
136;TV2 News;BSS;bss_epg.xml;rtskolo.rs;RTS Kolo RS;71;52;0;2;2;40.0;16.0;Morgennyhederne på News | Nyheder, sport og vejr;Оркестар Дејана Јевђића и вокални солисти (R) | Оркестар Дејана Јевђића и вокални солисти (R);Morgennyhederne på News => Оркестар Дејана Јевђића и вокални солисти (R) (88%) | Nyheder, sport og vejr => Оркестар Дејана Јевђића и вокални солисти (R) (88%)
137;TV2 News;BSS;bss_epg.xml;9hd.au;Channel 9 Brisbane AU;72;34;0;2;2;39.8;20.0;12 News | 18 News;9News | 9News;12 News => 9News (73%) | 18 News => 9News (73%)
138;TV2 News;BSS;bss_epg.xml;rtstrezor.rs;RTS Trezor RS;84;48;0;2;2;39.6;13.8;Morgennyhederne på News | Nyheder, sport og vejr;Теветека-Сто година филма (R) | Теветека-Сто година филма (R);Morgennyhederne på News => Теветека-Сто година филма (R) (88%) | Nyheder, sport og vejr => Теветека-Сто година филма (R) (88%)
139;TV2 News;BSS;bss_epg.xml;rtspoletarac.rs;RTS Poletarac RS;109;52;0;2;2;39.5;11.4;Morgennyhederne på News | Nyheder, sport og vejr;И без муке има наукеДруги циклус (R) | И без муке има наукеДруги циклус (R);Morgennyhederne på News => И без муке има наукеДруги циклус (R) (88%) | Nyheder, sport og vejr => И без муке има наукеДруги циклус (R) (88%)
140;TV2 News;BSS;bss_epg.xml;rtszivot.rs;RTS Život RS;74;42;0;2;2;39.5;14.8;Morgennyhederne på News | Nyheder, sport og vejr;Српски јунаци средњег века- Змај Огњени Вук (R) | Српски јунаци средњег века- Змај Огњени Вук (R);Morgennyhederne på News => Српски јунаци средњег века- Змај Огњени Вук (R) (88%) | Nyheder, sport og vejr => Српски јунаци средњег века- Змај Огњени Вук (R) (88%)
141;TV2 News;BSS;bss_epg.xml;10hd.au;TEN HD AU;72;28;0;2;2;39.5;20.0;12 News | 18 News;10 News | 10 News;12 News => 10 News (83%) | 18 News => 10 News (83%)
142;TV2 News;BSS;bss_epg.xml;nova.bg;Nova TV FHD BG;55;34;0;2;2;39.4;16.7;Morgennyhederne på News | News & Co.;Кошмари в кухнятa | Кошмари в кухнятa;Morgennyhederne på News => Кошмари в кухнятa (88%) | News & Co. => Кошмари в кухнятa (88%)
143;TV2 News;BSS;bss_epg.xml;channel12.il;Channel 12 HD IL;59;45;0;2;2;39.3;12.9;12 News | 18 News;Уникальное интервью 2 – Уникальное интер | Саври Маранан 8;12 News => Уникальное интервью 2 – Уникальное интер (88%) | 18 News => Саври Маранан 8 (88%)
144;TV2 News;BSS;bss_epg.xml;novacinema2.gr;Nova Cinema 2 FHD GR;28;27;0;2;2;39.1;16.7;Morgennyhederne på News | News & Co.;Παράλογος Aνθρωπος | Παράλογος Aνθρωπος;Morgennyhederne på News => Παράλογος Aνθρωπος (88%) | News & Co. => Παράλογος Aνθρωπος (88%)
145;TV2 News;BSS;bss_epg.xml;channel9brisbane.au;Channel 9 Brisbane AU;53;33;0;2;2;39.0;14.0;12 News | 18 News;9News | 9News;12 News => 9News (73%) | 18 News => 9News (73%)
146;TV2 News;BSS;bss_epg.xml;virginmediaonehd.ie;Virgin One HD UK;46;28;0;2;2;39.0;15.8;Morgennyhederne på News | Nyheder, sport og vejr;ER | ER;Morgennyhederne på News => ER (88%) | Nyheder, sport og vejr => ER (88%)
147;TV2 News;BSS;bss_epg.xml;abcme.au;ABC Entertains HD AU, ABC Me HD AU, ABC ME AU;200;48;0;2;2;38.9;8.5;Morgennyhederne på News | Nyheder, sport og vejr;ER | ER;Morgennyhederne på News => ER (88%) | Nyheder, sport og vejr => ER (88%)
148;TV2 News;BSS;bss_epg.xml;telma.mk;Telma HD MK, Telma MK;73;29;0;2;2;38.8;13.3;Morgennyhederne på News | News & Co.;Aлиенист | Aлиенист;Morgennyhederne på News => Aлиенист (88%) | News & Co. => Aлиенист (88%)
149;TV2 News;BSS;bss_epg.xml;virginmediaone.ie;Virgin One FHD UK, Virgin One UK;46;28;0;2;2;38.6;12.5;Morgennyhederne på News | Nyheder, sport og vejr;ER | ER;Morgennyhederne på News => ER (88%) | Nyheder, sport og vejr => ER (88%)
150;TV2 News;BSS;bss_epg.xml;rtsdrama.rs;RTS Drama RS, RTS Drama HD RS;57;31;0;2;2;38.5;10.3;Morgennyhederne på News | Nyheder, sport og vejr;ТВ театар – Мистер Долар (R) | ТВ театар – Мистер Долар (R);Morgennyhederne på News => ТВ театар – Мистер Долар (R) (88%) | Nyheder, sport og vejr => ТВ театар – Мистер Долар (R) (88%)
151;TV2 News;BSS;bss_epg.xml;virginmediathree.ie;Virgin Media Three FHD UK;41;18;0;2;2;38.3;13.0;Morgennyhederne på News | Nyheder, sport og vejr;ER | ER;Morgennyhederne på News => ER (88%) | Nyheder, sport og vejr => ER (88%)
152;TV2 News;BSS;bss_epg.xml;animalplanet.il;Animal Planet HD IL;45;23;0;2;2;38.2;10.8;12 News | 18 News;חיי וטרינר 2 | החתול שלי מהגיהנום 8;12 News => חיי וטרינר 2 (88%) | 18 News => החתול שלי מהגיהנום 8 (88%)
153;TV2 News;BSS;bss_epg.xml;soundcity.za;Soundcity HD ZA, SoundCity;145;35;0;2;2;38.0;5.0;12 News | 18 News;E-News | E-News;12 News => E-News (73%) | 18 News => E-News (73%)
154;TV2 News;BSS;bss_epg.xml;cbs8wkbt.us;CBS 8 (WKBT) La Crosse HD US;61;34;0;2;2;38.0;5.4;12 News | 18 News;News 8+ | News 8+;12 News => News 8+ (73%) | 18 News => News 8+ (73%)
155;TV2 News;BSS;bss_epg.xml;channel9sydney.au;Channel 9 Sydney AU, Channel 9 Sydney HD AU;42;25;0;2;2;38.0;8.2;12 News | 18 News;9News | 9News;12 News => 9News (73%) | 18 News => 9News (73%)
156;TV2 News;BSS;bss_epg.xml;ant1.gr;ANT 1 FHD GR, ANT 1 HD GR;37;25;0;2;2;37.8;6.7;12 News | 18 News;ΑΝΤ1 News | ΑΝΤ1 News;12 News => ΑΝΤ1 News (91%) | 18 News => ΑΝΤ1 News (91%)
157;TV2 News;BSS;bss_epg.xml;kuhnyatv.ru;Kuhnya TV RU;104;79;1;0;1;35.8;22.2;12 News;Вкусная Россия с Сергеем Белоголовцевым (Сочи. Всемирный фестиваль молодежи) (12+);12 News => Вкусная Россия с Сергеем Белоголовцевым (Сочи. Всемирный фестиваль молодежи) (12+) (94%)
158;TV2 News;BSS;bss_epg.xml;nickelodeon.bg;Nickelodeon HD BG;168;101;1;0;1;35.4;11.4;12 News;Соник Прайм, сез.1, еп.2;12 News => Соник Прайм, сез.1, еп.2 (94%)
159;TV2 News;BSS;bss_epg.xml;rentv.ru;RenTV RU;16;10;1;0;1;33.8;28.6;18 News;Волк с Уолл-стрит (18+);18 News => Волк с Уолл-стрит (18+) (94%)
160;TV2 News;BSS;bss_epg.xml;history.bg;History Channel HD BG;54;38;1;0;1;33.6;17.6;12 News;Ловци на складове , сезон 1 , епизод 2;12 News => Ловци на складове , сезон 1 , епизод 2 (94%)
161;TV2 News;BSS;bss_epg.xml;animalplanet.bg;Animal Planet HD BG;54;50;1;0;1;33.3;10.8;12 News;Доктор Джеф: ветеринарят от Скалистите планини, сез.1, еп.2;12 News => Доктор Джеф: ветеринарят от Скалистите планини, сез.1, еп.2 (94%)
162;TV2 News;BSS;bss_epg.xml;nbc12kpnxmesa.us;NBC 12 (KPNX) Mesa HD US;60;31;1;0;1;33.1;15.4;12 News;12 News at 1pm;12 News => 12 News at 1pm (94%)
163;TV2 News;BSS;bss_epg.xml;nbc12wwbtrichmond.us;NBC 12 (WWBT) Richmond HD US;64;37;1;0;1;33.0;12.8;12 News;12 News Midday;12 News => 12 News Midday (94%)
164;TV2 News;BSS;bss_epg.xml;investigationdiscovery.bg;ID Xtra HD BG;41;30;1;0;1;33.0;14.6;12 News;Заложници и смъртоносни условия , сезон 1 , епизод 2;12 News => Заложници и смъртоносни условия , сезон 1 , епизод 2 (94%)
165;TV2 News;BSS;bss_epg.xml;viva.il;VIVA IL;61;37;1;0;1;32.7;10.5;18 News;קליפ טיים - פרק 18;18 News => קליפ טיים - פרק 18 (94%)
166;TV2 News;BSS;bss_epg.xml;villagecinema.gr;Village Cinema HD GR;24;21;1;0;1;32.7;15.4;Morgennyhederne på News;Η Mικρή Μάγισσα;Morgennyhederne på News => Η Mικρή Μάγισσα (94%)
167;TV2 News;BSS;bss_epg.xml;fox64wnac.us;FOX 64 (WNAC) Providence HD US;72;32;1;0;1;32.5;9.8;12 News;12 News on Fox Providence at 6:30pm;12 News => 12 News on Fox Providence at 6:30pm (94%)
168;TV2 News;BSS;bss_epg.xml;cbs12wbng.us;CBS 12 (WBNG) Binghamton HD US;70;43;1;0;1;32.3;4.9;12 News;12 News at Noon;12 News => 12 News at Noon (94%)
169;TV2 News;BSS;bss_epg.xml;bnt3.bg;BNT 3 HD BG;44;27;1;0;1;32.2;9.5;18 News;Футбол: Световно първенство: Канада - Мароко, среща от 1/8-финалите;18 News => Футбол: Световно първенство: Канада - Мароко, среща от 1/8-финалите (94%)
170;TV2 News;BSS;bss_epg.xml;cbs12kwch.us;CBS 12 (KWCH) Hutchinson HD US;65;37;1;0;1;32.1;4.9;12 News;12 News at Noon;12 News => 12 News at Noon (94%)
171;TV2 News;BSS;bss_epg.xml;cbs22whlt.us;CBS 22 (WHLT) Hattiesburg HD US;70;36;1;0;1;32.0;4.8;12 News;12 News at Noon;12 News => 12 News at Noon (94%)
172;TV2 News;BSS;bss_epg.xml;cbs12wpri.us;CBS 12 (WPRI) Providence HD US;64;36;1;0;1;32.0;4.9;12 News;12 News at 4PM;12 News => 12 News at 4PM (94%)
173;TV2 News;BSS;bss_epg.xml;domkino.ru;Dom Kino RU;22;20;1;0;1;31.8;8.0;12 News;Волшебник (12+);12 News => Волшебник (12+) (94%)
174;TV2 News;BSS;bss_epg.xml;fox11kmsb.us;FOX 11 (KMSB) Tucson HD US;72;26;1;0;1;31.7;5.4;12 News;12 News on FOX11;12 News => 12 News on FOX11 (94%)
175;TV2 News;BSS;bss_epg.xml;hollywoodsuite70s.ca;Hollywood Suite 70's HD CA;31;17;1;0;1;31.7;8.5;Morgennyhederne på News;M;Morgennyhederne på News => M (94%)
176;TV2 News;BSS;bss_epg.xml;pinkclassic.rs;Pink Classic RS, Pink Classic HD RS;30;13;1;0;1;31.5;8.3;Morgennyhederne på News;M;Morgennyhederne på News => M (94%)
177;TV2 News;BSS;bss_epg.xml;kanal5.mk;Kanal 5 MK, Kanal 5 FHD MK;32;16;1;0;1;31.3;5.9;18 News;Вести во 18;18 News => Вести во 18 (94%)
178;TV2 News;BSS;bss_epg.xml;hbo3.bg;HBO 3 HD BG;39;29;1;0;1;31.2;0.0;12 News;Скечове на чернокожата дама, сез.1, еп.2;12 News => Скечове на чернокожата дама, сез.1, еп.2 (94%)
179;TV2 News;BSS;bss_epg.xml;hollywood.ru;Hollywood HD RU;12;11;1;0;1;31.2;6.5;12 News;Шпион по соседству (12+);12 News => Шпион по соседству (12+) (94%)
180;TV2 News;BSS;bss_epg.xml;ftv.ba;Federalna TV FHD BA;92;44;0;1;1;22.3;21.4;Nyheder, sport og vejr;Sport;Nyheder, sport og vejr => Sport (88%)
181;TV2 News;BSS;bss_epg.xml;channel24.il;Channel 24 IL;74;65;0;1;1;22.3;13.8;12 News;סיטי טאוור - פרק 2;12 News => סיטי טאוור - פרק 2 (88%)
182;TV2 News;BSS;bss_epg.xml;polsatnews.pl;Polsat News FHD PL;73;20;0;1;1;22.3;29.4;Nyheder, sport og vejr;Sport;Nyheder, sport og vejr => Sport (88%)
183;TV2 News;BSS;bss_epg.xml;federalnatv.ba;Federalna TV BA;76;48;0;1;1;22.1;18.2;Nyheder, sport og vejr;Sport;Nyheder, sport og vejr => Sport (88%)
184;TV2 News;BSS;bss_epg.xml;tvslovenija1.si;SLO 1 HD SI, Slov 1 HD Sl;92;49;0;1;1;21.9;15.8;Nyheder, sport og vejr;Šport;Nyheder, sport og vejr => Šport (88%)
185;TV2 News;BSS;bss_epg.xml;risetv.gr;Rise GR;84;12;0;1;1;21.9;28.6;18 News;[K8] R-News;18 News => [K8] R-News (77%)
186;TV2 News;BSS;bss_epg.xml;telemaribor.si;Tele M Sl;57;32;0;1;1;21.9;22.2;Nyheder, sport og vejr;Šport;Nyheder, sport og vejr => Šport (88%)
187;TV2 News;BSS;bss_epg.xml;vijesti.me;TV Vijesti HD MNE;58;16;0;1;1;21.8;26.7;Nyheder, sport og vejr;Sport;Nyheder, sport og vejr => Sport (88%)
188;TV2 News;BSS;bss_epg.xml;ntv.tr;NTV FHD TR, NTV HD TR;149;27;0;1;1;21.7;22.2;Nyheder, sport og vejr;Spor;Nyheder, sport og vejr => Spor (88%)
189;TV2 News;BSS;bss_epg.xml;newsmax.us;Newsmax US, Newsmax UHD US;47;28;0;1;1;21.7;21.6;News & Co.;News Now;News & Co. => News Now (75%)
190;TV2 News;BSS;bss_epg.xml;tvmaribor.si;TV Maribor SI;55;27;0;1;1;21.6;20.7;Nyheder, sport og vejr;Šport;Nyheder, sport og vejr => Šport (88%)
191;TV2 News;BSS;bss_epg.xml;tvn.pl;TVN FHD PL, TVN HD PL;51;24;0;1;1;21.6;22.2;Nyheder, sport og vejr;Sport;Nyheder, sport og vejr => Sport (88%)
192;TV2 News;BSS;bss_epg.xml;tvp1.pl;TVP 1 FHD PL, TVP 1 HD PL;80;48;0;1;1;21.5;13.3;Nyheder, sport og vejr;Sport;Nyheder, sport og vejr => Sport (88%)
193;TV2 News;BSS;bss_epg.xml;rtvusk.ba;RTV USK BA, RTV USK HD BA;46;32;0;1;1;21.5;18.2;Nyheder, sport og vejr;Sport;Nyheder, sport og vejr => Sport (88%)
194;TV2 News;BSS;bss_epg.xml;tvnturbo.pl;TVN Turbo FHD PL;68;26;0;1;1;21.4;20.0;Nyheder, sport og vejr;Sport;Nyheder, sport og vejr => Sport (88%)
195;TV2 News;BSS;bss_epg.xml;tvppolonia.pl;TVP Polonia HD PL, TVP Polonia FHD PL;90;46;0;1;1;21.3;12.5;Nyheder, sport og vejr;Sport;Nyheder, sport og vejr => Sport (88%)
196;TV2 News;BSS;bss_epg.xml;homeplus.il;Home Plus IL;71;39;0;1;1;21.3;14.8;12 News;מאסון לארמון 2 - קטרינה וג'יי;12 News => מאסון לארמון 2 - קטרינה וג'יי (88%)
197;TV2 News;BSS;bss_epg.xml;ttv.pl;TTV FHD PL, TTV HD PL;73;36;0;1;1;21.2;14.8;Nyheder, sport og vejr;Sport;Nyheder, sport og vejr => Sport (88%)
198;TV2 News;BSS;bss_epg.xml;kcn1.rs;KCN 1 RS, KCN 1 HD RS;65;32;0;1;1;21.1;14.8;Nyheder, sport og vejr;Sport;Nyheder, sport og vejr => Sport (88%)
199;TV2 News;BSS;bss_epg.xml;nbc12wsfa.us;NBC 12 (WSFA) Montgomery HD US;65;33;0;1;1;21.1;14.6;12 News;WSFA 12 News at Noon;12 News => WSFA 12 News at Noon (88%)
200;TV2 News;BSS;bss_epg.xml;channel13.il;Channel 13 HD IL;62;40;0;1;1;21.1;12.9;12 News;На кухне у Мири – Выпуск 2;12 News => На кухне у Мири – Выпуск 2 (88%)
201;TV2 News;BSS;bss_epg.xml;tvslovenija3.si;SLO 3 SI, Slov 3 Sl;51;24;0;1;1;21.1;17.6;Nyheder, sport og vejr;Šport;Nyheder, sport og vejr => Šport (88%)
202;TV2 News;BSS;bss_epg.xml;atv.ba;ATV Banja Luka HD BA, ATV Banja Luka BA;59;32;0;1;1;21.0;14.3;Nyheder, sport og vejr;Sport;Nyheder, sport og vejr => Sport (88%)
203;TV2 News;BSS;bss_epg.xml;novacinema1.gr;Nova Cinema 1 FHD GR;28;26;0;1;1;21.0;16.7;News & Co.;Σκύλος & Γάτα: Μια Τρελή Καταδίωξη;News & Co. => Σκύλος & Γάτα: Μια Τρελή Καταδίωξη (88%)
204;TV2 News;BSS;bss_epg.xml;nbc18wlexlexington.us;NBC 18 (WLEX) Lexington HD US;64;36;0;1;1;20.9;12.2;18 News;LEX 18 News at Noon;18 News => LEX 18 News at Noon (88%)
205;TV2 News;BSS;bss_epg.xml;bnt2.bg;BNT 2 HD BG;78;42;0;1;1;20.8;9.5;12 News;На концерт с БНТ 2;12 News => На концерт с БНТ 2 (88%)
206;TV2 News;BSS;bss_epg.xml;tv1000.ru;TV1000 RU;28;17;0;1;1;20.8;17.4;12 News;Крокодил Данди-2;12 News => Крокодил Данди-2 (88%)
207;TV2 News;BSS;bss_epg.xml;kontrachannel.gr;Kontra GR;25;9;0;1;1;20.8;20.0;News & Co.;Κόντρα & Ρήξη;News & Co. => Κόντρα & Ρήξη (88%)
208;TV2 News;BSS;bss_epg.xml;gbnews.uk;GB News FHD UK, GB News UK, GB News HD UK;24;15;0;1;1;20.8;18.2;News & Co.;Dewbs & Co;News & Co. => Dewbs & Co (84%)
209;TV2 News;BSS;bss_epg.xml;bnt1.bg;BNT 1 HD BG;73;38;0;1;1;20.7;9.5;12 News;Блуи 2;12 News => Блуи 2 (88%)
210;TV2 News;BSS;bss_epg.xml;channel8.th;Channel 8 TH;64;22;0;1;1;20.7;14.8;18 News;คุยข่าวเช้าช่อง 8;18 News => คุยข่าวเช้าช่อง 8 (88%)
211;TV2 News;BSS;bss_epg.xml;novacinema4.gr;Nova Cinema 4 FHD GR;30;17;0;1;1;20.7;16.7;12 News;Τα Κακά Παιδιά 2;12 News => Τα Κακά Παιδιά 2 (88%)
212;TV2 News;BSS;bss_epg.xml;nbc12wxiiwinstonsalem.us;NBC 12 (WXII) Winston-Salem HD US;59;32;0;1;1;20.6;10.9;12 News;WXII 12 News at Noon;12 News => WXII 12 News at Noon (88%)
213;TV2 News;BSS;bss_epg.xml;tvlukavac.ba;TV Lukavac HD BA;56;27;0;1;1;20.6;12.9;Nyheder, sport og vejr;Sport;Nyheder, sport og vejr => Sport (88%)
214;TV2 News;BSS;bss_epg.xml;abcwisn.us;ABC 12 (WISN) Milwaukee HD US;55;33;0;1;1;20.6;10.5;12 News;WISN 12 News at 11AM;12 News => WISN 12 News at 11AM (88%)
215;TV2 News;BSS;bss_epg.xml;cinemax.pl;Cinemax FHD PL;28;21;0;1;1;20.6;14.3;18 News;8;18 News => 8 (88%)
216;TV2 News;BSS;bss_epg.xml;cinemax.ro;Cinemax FHD RO;28;21;0;1;1;20.6;14.3;18 News;8;18 News => 8 (88%)
217;TV2 News;BSS;bss_epg.xml;hrt1.hr;HRT 1 FHD HR, HRT 1 HD HR;81;42;0;1;1;20.5;6.7;Nyheder, sport og vejr;Sport;Nyheder, sport og vejr => Sport (88%)
218;TV2 News;BSS;bss_epg.xml;lbc.lb;LBC TV ᴴᴰ, LBC TV ᴴᴰ FHD;42;9;0;1;1;20.3;16.0;18 News;اللمبي 8 جيجا;18 News => اللمبي 8 جيجا (88%)
219;TV2 News;BSS;bss_epg.xml;channel26.ar;Canal 26 HD CHL;30;17;0;1;1;20.3;13.3;12 News;26 News;12 News => 26 News (83%)
220;TV2 News;BSS;bss_epg.xml;cbs12wpec.us;CBS 12 (WPEC) West palm beach HD US;70;42;0;1;1;20.2;4.5;12 News;CBS12 News at 3PM;12 News => CBS12 News at 3PM (88%)
221;TV2 News;BSS;bss_epg.xml;yesmovieskids.il;YES Movies Kids HD IL;28;24;0;1;1;20.2;10.3;12 News;לאסי 2 - הרפתקה חדשה (מדובב);12 News => לאסי 2 - הרפתקה חדשה (מדובב) (88%)
222;TV2 News;EPGShare;epgshare_dk1.xml;Kanal.5.dk;Kanal 5;99;23;0;1;1;20.1;9.5;Morgennyhederne på News;Pan;Morgennyhederne på News => Pan (88%)
223;TV2 News;EPGoal;epgoal.xml;kanal5.dk;Kanal 5;99;23;0;1;1;20.1;9.5;Morgennyhederne på News;Pan;Morgennyhederne på News => Pan (88%)
224;TV2 News;BSS;bss_epg.xml;cbs12kxii.us;CBS 12 (KXII) Sherman HD US;66;34;0;1;1;20.0;5.3;12 News;KXII 12 News at 4;12 News => KXII 12 News at 4 (88%)
225;TV2 News;BSS;bss_epg.xml;cbs12wkrc.us;CBS 12 (WKRC) Cincinnati HD US;63;36;0;1;1;20.0;4.9;12 News;Local 12 News at Noon;12 News => Local 12 News at Noon (88%)
226;TV2 News;BSS;bss_epg.xml;polsat.pl;Polsat FHD PL, Polsat HD PL;44;34;0;1;1;20.0;5.6;Nyheder, sport og vejr;Sport;Nyheder, sport og vejr => Sport (88%)
227;TV2 News;BSS;bss_epg.xml;yesmoviescomedy.il;YES Movies Comedy HD IL;30;22;0;1;1;20.0;9.3;12 News;הארט 2;12 News => הארט 2 (88%)
228;TV2 News;BSS;bss_epg.xml;mbcmasr.eg;MBC Masr 1, MBC Masr 1 ᴴᴰ, MBC Masr Drama HD;44;35;0;1;1;19.9;4.3;18 News;الست موناليزا (حلقة8);18 News => الست موناليزا (حلقة8) (88%)
229;TV2 News;BSS;bss_epg.xml;hot3.il;HOT 3 HD IL;73;16;0;1;1;19.8;9.5;12 News;הורים במשרה מלאה 2;12 News => הורים במשרה מלאה 2 (88%)
230;TV2 News;BSS;bss_epg.xml;abcksat.us;ABC 12 (KSAT) San Antonio HD US;63;30;0;1;1;19.8;5.1;12 News;KSAT 12 News at Noon;12 News => KSAT 12 News at Noon (88%)
231;TV2 News;BSS;bss_epg.xml;ert2.gr;ERT 2 GR, ERT 2 HD GR;61;23;0;1;1;19.8;7.4;12 News;Ηρωίδες 2;12 News => Ηρωίδες 2 (88%)
232;TV2 News;BSS;bss_epg.xml;ginxesports.gr;Ginx EsportsTV GR;56;10;0;1;1;19.8;11.4;News & Co.;Σκάσε & Παίξε!;News & Co. => Σκάσε & Παίξε! (88%)
233;TV2 News;BSS;bss_epg.xml;maxsports4.bg;Max Sport 4 HD BG;31;26;0;1;1;19.8;6.2;12 News;Ла Лига 2: Жирона;12 News => Ла Лига 2: Жирона (88%)
234;TV2 News;BSS;bss_epg.xml;mbc5.ae;MBC 5 ᴴᴰ;18;9;0;1;1;19.8;11.8;12 News;برنامج شهيوة توندونس موسم 2;12 News => برنامج شهيوة توندونس موسم 2 (88%)
235;TV2 News;BSS;bss_epg.xml;ert1.gr;ERT 1 GR, ERT 1 HD GR;47;21;0;1;1;19.7;7.4;12 News;Ο Πύργος του Ντάουντον 2;12 News => Ο Πύργος του Ντάουντον 2 (88%)
236;TV2 News;BSS;bss_epg.xml;yesmoviesaction.il;YES Movies Action HD IL, YES Movies Action IL;27;23;0;1;1;19.7;6.7;12 News;סתם אחד 2;12 News => סתם אחד 2 (88%)
237;TV2 News;BSS;bss_epg.xml;cinemax.hu;Cinemax HU;11;8;0;1;1;19.7;11.8;18 News;8;18 News => 8 (88%)
238;TV2 News;BSS;bss_epg.xml;yesdiscovery.il;YES Discovery HD IL;11;11;0;1;1;19.7;10.8;12 News;איך מייצרים אותן: מכוניות החלומות 2 - פר;12 News => איך מייצרים אותן: מכוניות החלומות 2 - פר (88%)
239;TV2 News;BSS;bss_epg.xml;skai.gr;Ekai HD GR, Skai GR;57;18;0;1;1;19.6;7.4;News & Co.;Αντώνιος & Κλεοπάτρα;News & Co. => Αντώνιος & Κλεοπάτρα (88%)
240;TV2 News;BSS;bss_epg.xml;discovery.il;Discovery HD IL, Discovery HD IS;57;24;0;1;1;19.5;4.5;12 News;בסככה או בקבר: מכוניות קלאסיות 2;12 News => בסככה או בקבר: מכוניות קלאסיות 2 (88%)
241;TV2 News;BSS;bss_epg.xml;sport1.il;Sport 1 HD IL, Sport 1 IL;44;20;0;1;1;19.5;6.1;12 News;Шеран Иени. Часть 2.;12 News => Шеран Иени. Часть 2. (88%)
242;TV2 News;BSS;bss_epg.xml;eurosport.se;Eurosport 1 FHD SE, Eurosport 1 HD SE, Eurosport 1 SE;42;14;0;1;1;19.4;6.8;Nyheder, sport og vejr;Sport;Nyheder, sport og vejr => Sport (88%)
243;TV2 News;BSS;bss_epg.xml;eurosport2.se;Eurosport 2 FHD SE, Eurosport 2 SE, Eurosport 2 HD SE;26;12;0;1;1;19.3;6.7;Nyheder, sport og vejr;Sport;Nyheder, sport og vejr => Sport (88%)
244;TV2 News;BSS;bss_epg.xml;mixbelaraby.eg;Mix Bel Araby;34;9;0;1;1;19.1;6.5;12 News;فاطمة ج2;12 News => فاطمة ج2 (88%)
245;TV2 News;BSS;bss_epg.xml;mbcdramaplus.ae;MBC Drama+ ᴴᴰ;19;8;0;1;1;19.1;6.9;12 News;اللعبة 2: ليفل الوحش;12 News => اللعبة 2: ليفل الوحش (88%)
246;TV2 News;BSS;bss_epg.xml;mbcmasr2.eg;MBC Masr 2, MBC Masr 2 ᴴᴰ, MBC Masr Drama ᴴᴰ;13;9;0;1;1;18.9;4.4;12 News;نصيبي وقسمتك 2;12 News => نصيبي وقسمتك 2 (88%)
247;TV2 News;BSS;bss_epg.xml;t-news;T News;0;0;0;0;0;7.1;58.8;;;
248;TV2 News;BSS;bss_epg.xml;tv9-news;TV9 News;0;0;0;0;0;6.9;57.1;;;
