Status;Bemærkning;Kanalgruppe;Kvalitet;Streamnavn;Stream tvg-id;Output/UHF tvg-id;EPGoal kanal-id;EPGoal programmer;EPGoal display-name;Matchmetode;Parringsmetode;Kendte priority-ID'er;Merge-status;Merge-kilde;Merge-programmer;Merge-kilde-ID
TVG-ID AFVIGER;stream-ID animal_planet afviger fra output-ID animalplanet.dk;Animal Planet.dk;NORMAL;Animal Planet [DSTV LifeStyle];animal_planet;animalplanet.dk;animalplanet.dk;113;Animal Planet;output-exact;name-heuristic;Animal Planet.dk, Animal.Planet.dk, animal_planet, animalplanet.dk, animalplanet.ru, animalplanet.uk;;;;
TVG-ID AFVIGER;stream-ID animal_planet afviger fra output-ID animalplanet.dk;Animal Planet.dk;NORMAL;Animal Planet [Russia];animal_planet;animalplanet.dk;animalplanet.dk;113;Animal Planet;output-exact;name-heuristic;Animal Planet.dk, Animal.Planet.dk, animal_planet, animalplanet.dk, animalplanet.ru, animalplanet.uk;;;;
TVG-ID AFVIGER;stream-ID animal_planet afviger fra output-ID animalplanet.dk;Animal Planet.dk;FHD;Animal Planet FHD DK [Multi-Sub] [Denmark];animal_planet;animalplanet.dk;animalplanet.dk;113;Animal Planet;output-exact;name-heuristic;Animal Planet.dk, Animal.Planet.dk, animal_planet, animalplanet.dk, animalplanet.ru, animalplanet.uk;;;;
TVG-ID AFVIGER;stream-ID animal_planet afviger fra output-ID animalplanet.dk;Animal Planet.dk;FHD;Animal Planet FHD SK [Slovakia];animal_planet;animalplanet.dk;animalplanet.dk;113;Animal Planet;output-exact;name-heuristic;Animal Planet.dk, Animal.Planet.dk, animal_planet, animalplanet.dk, animalplanet.ru, animalplanet.uk;;;;
TVG-ID AFVIGER;stream-ID animal_planet afviger fra output-ID animalplanet.dk;Animal Planet.dk;HD;Animal Planet HD DK [Denmark];animal_planet;animalplanet.dk;animalplanet.dk;113;Animal Planet;output-exact;name-heuristic;Animal Planet.dk, Animal.Planet.dk, animal_planet, animalplanet.dk, animalplanet.ru, animalplanet.uk;;;;
TVG-ID AFVIGER;stream-ID bbcnews.uk afviger fra output-ID bbcworldnews.uk;BBC News.dk;NORMAL;BBC News [South Africa News];bbcnews.uk;bbcworldnews.uk;bbcworldnews.uk;226;BBC News;output-exact;position;BBC News.dk, BBC.News.dk, bbcnews.uk, bbcworldnews.uk;;;;
MANGLER TVG-ID;Streamen har intet tvg-id i priority-arket;Boomerang.dk;NORMAL;BOOMERANG [Caribbean];;;;0;;not-found;no-id;boomerang.dk;;;;
TVG-ID AFVIGER;stream-ID cartoonnetwork afviger fra output-ID cartoonnetwork.dk;Cartoon.Network.dk;NORMAL;CARTOON NETWORK [Caribbean];cartoonnetwork;cartoonnetwork.dk;cartoonnetwork.dk;489;Cartoon Network;output-exact;name-heuristic;Cartoon Network.dk, Cartoon.Network.dk, cartoonnetwork, cartoonnetwork.dk, cartoonnetwork.ru, cartoonnetwork.uk;;;;
TVG-ID AFVIGER;stream-ID cartoonnetwork afviger fra output-ID cartoonnetwork.dk;Cartoon.Network.dk;NORMAL;Cartoon Network [DSTV Kids];cartoonnetwork;cartoonnetwork.dk;cartoonnetwork.dk;489;Cartoon Network;output-exact;name-heuristic;Cartoon Network.dk, Cartoon.Network.dk, cartoonnetwork, cartoonnetwork.dk, cartoonnetwork.ru, cartoonnetwork.uk;;;;
TVG-ID AFVIGER;stream-ID cartoonnetwork afviger fra output-ID cartoonnetwork.dk;Cartoon.Network.dk;NORMAL;Cartoon Network [Russia];cartoonnetwork;cartoonnetwork.dk;cartoonnetwork.dk;489;Cartoon Network;output-exact;name-heuristic;Cartoon Network.dk, Cartoon.Network.dk, cartoonnetwork, cartoonnetwork.dk, cartoonnetwork.ru, cartoonnetwork.uk;;;;
TVG-ID AFVIGER;stream-ID cartoonnetwork afviger fra output-ID cartoonnetwork.dk;Cartoon.Network.dk;HD;Cartoon Network HD DK [Denmark];cartoonnetwork;cartoonnetwork.dk;cartoonnetwork.dk;489;Cartoon Network;output-exact;name-heuristic;Cartoon Network.dk, Cartoon.Network.dk, cartoonnetwork, cartoonnetwork.dk, cartoonnetwork.ru, cartoonnetwork.uk;;;;
TVG-ID AFVIGER;stream-ID cartoonnetwork afviger fra output-ID cartoonnetwork.dk;Cartoon.Network.dk;HD;Cartoon Network HD DK [Multi-Audio] [Denmark];cartoonnetwork;cartoonnetwork.dk;cartoonnetwork.dk;489;Cartoon Network;output-exact;name-heuristic;Cartoon Network.dk, Cartoon.Network.dk, cartoonnetwork, cartoonnetwork.dk, cartoonnetwork.ru, cartoonnetwork.uk;;;;
TVG-ID AFVIGER;stream-ID cartoonnetwork afviger fra output-ID cartoonnetwork.dk;Cartoon.Network.dk;NORMAL;Cartoon Network HU [Hungary];cartoonnetwork;cartoonnetwork.dk;cartoonnetwork.dk;489;Cartoon Network;output-exact;name-heuristic;Cartoon Network.dk, Cartoon.Network.dk, cartoonnetwork, cartoonnetwork.dk, cartoonnetwork.ru, cartoonnetwork.uk;;;;
TVG-ID AFVIGER;stream-ID cnninternational.us afviger fra output-ID ;CNN International (US,EN).dk;NORMAL;CNN INTERNATIONAL [Caribbean];cnninternational.us;;CNN.dk;125;CNN;priority-exact;name-heuristic;CNN International (US, CNN.dk, EN).dk, cnn.uk, cnninternational.us;;;;
TVG-ID AFVIGER;stream-ID cnninternational.us afviger fra output-ID ;CNN International (US,EN).dk;NORMAL;CNN International [South Africa News];cnninternational.us;;CNN.dk;125;CNN;priority-exact;name-heuristic;CNN International (US, CNN.dk, EN).dk, cnn.uk, cnninternational.us;;;;
TVG-ID AFVIGER;stream-ID cnninternational.us afviger fra output-ID ;CNN International (US,EN).dk;NORMAL;CNN International DK [Denmark];cnninternational.us;;CNN.dk;125;CNN;priority-exact;name-heuristic;CNN International (US, CNN.dk, EN).dk, cnn.uk, cnninternational.us;;;;
TVG-ID AFVIGER;stream-ID cnninternational.us afviger fra output-ID ;CNN International (US,EN).dk;NORMAL;CNN INTERNATIONAL US [News US];cnninternational.us;;CNN.dk;125;CNN;priority-exact;name-heuristic;CNN International (US, CNN.dk, EN).dk, cnn.uk, cnninternational.us;;;;
TVG-ID AFVIGER;stream-ID discovery afviger fra output-ID discoverychannel.dk;Discovery Channel.dk;FHD;Discovery Channel FHD DK [Denmark];discovery;discoverychannel.dk;discoverychannel.dk;94;Discovery Channel;output-exact;name-heuristic;Discovery Channel.dk, Discovery.Channel.dk, discovery, discoverychannel.dk;;;;
TVG-ID AFVIGER;stream-ID discovery afviger fra output-ID discoverychannel.dk;Discovery Channel.dk;HD;Discovery Channel HD DK [Denmark];discovery;discoverychannel.dk;discoverychannel.dk;94;Discovery Channel;output-exact;name-heuristic;Discovery Channel.dk, Discovery.Channel.dk, discovery, discoverychannel.dk;;;;
TVG-ID AFVIGER;stream-ID discovery afviger fra output-ID discoverychannel.dk;Discovery Channel.dk;FHD;Discovery FHD SK [Slovakia];discovery;discoverychannel.dk;discoverychannel.dk;94;Discovery Channel;output-exact;name-heuristic;Discovery Channel.dk, Discovery.Channel.dk, discovery, discoverychannel.dk;;;;
TVG-ID AFVIGER;stream-ID disney_channel afviger fra output-ID disneychannel.dk;Disney.Channel.dk;NORMAL;Disney Channel [DSTV Kids];disney_channel;disneychannel.dk;disneychannel.dk;213;Disney Channel;output-exact;name-heuristic;Disney Channel.dk, Disney.Channel.dk, disney_channel, disneychannel.dk, disneychannel.us;;;;
TVG-ID AFVIGER;stream-ID disney_channel afviger fra output-ID disneychannel.dk;Disney.Channel.dk;FHD;Disney Channel FHD DK [Denmark];disney_channel;disneychannel.dk;disneychannel.dk;213;Disney Channel;output-exact;name-heuristic;Disney Channel.dk, Disney.Channel.dk, disney_channel, disneychannel.dk, disneychannel.us;;;;
TVG-ID AFVIGER;stream-ID disney_channel afviger fra output-ID disneychannel.dk;Disney.Channel.dk;FHD;Disney Channel FHD SK [Slovakia];disney_channel;disneychannel.dk;disneychannel.dk;213;Disney Channel;output-exact;name-heuristic;Disney Channel.dk, Disney.Channel.dk, disney_channel, disneychannel.dk, disneychannel.us;;;;
TVG-ID AFVIGER;stream-ID disney_channel afviger fra output-ID disneychannel.dk;Disney.Channel.dk;HD;Disney Channel HD DK [Denmark];disney_channel;disneychannel.dk;disneychannel.dk;213;Disney Channel;output-exact;name-heuristic;Disney Channel.dk, Disney.Channel.dk, disney_channel, disneychannel.dk, disneychannel.us;;;;
INGEN PROGRAMMER;EPGoal-kanalen Disney.Junior.dk har 0 programmer;Disney.Junior.dk;NORMAL;DISNEY JUNIOR [Caribbean];disney_junior;;Disney.Junior.dk;0;Disney Junior;priority-exact;name-heuristic;Disney Junior.dk, Disney.Junior.dk, disney_junior, disneyjunior.us;;;;
INGEN PROGRAMMER;EPGoal-kanalen Disney.Junior.dk har 0 programmer;Disney.Junior.dk;NORMAL;Disney Junior [DSTV Kids];disney_junior;;Disney.Junior.dk;0;Disney Junior;priority-exact;name-heuristic;Disney Junior.dk, Disney.Junior.dk, disney_junior, disneyjunior.us;;;;
INGEN PROGRAMMER;EPGoal-kanalen Disney.Junior.dk har 0 programmer;Disney.Junior.dk;NORMAL;Disney Junior SK [Slovakia];disney_junior;;Disney.Junior.dk;0;Disney Junior;priority-exact;name-heuristic;Disney Junior.dk, Disney.Junior.dk, disney_junior, disneyjunior.us;;;;
TVG-ID AFVIGER;stream-ID eurosport_1 afviger fra output-ID eurosport1.dk;Eurosport.1.dk;NORMAL;Eurosport 1 DK [Denmark];eurosport_1;eurosport1.dk;eurosport1.dk;66;Eurosport 1;output-exact;name-heuristic;Eurosport 1.dk, Eurosport.1.dk, eurosport1.dk, eurosport_1;;;;
TVG-ID AFVIGER;stream-ID eurosport_1 afviger fra output-ID eurosport1.dk;Eurosport.1.dk;FHD;Eurosport 1 FHD DK [Denmark];eurosport_1;eurosport1.dk;eurosport1.dk;66;Eurosport 1;output-exact;name-heuristic;Eurosport 1.dk, Eurosport.1.dk, eurosport1.dk, eurosport_1;;;;
TVG-ID AFVIGER;stream-ID eurosport_1 afviger fra output-ID eurosport1.dk;Eurosport.1.dk;FHD;Eurosport 1 FHD SK [Slovakia];eurosport_1;eurosport1.dk;eurosport1.dk;66;Eurosport 1;output-exact;name-heuristic;Eurosport 1.dk, Eurosport.1.dk, eurosport1.dk, eurosport_1;;;;
TVG-ID AFVIGER;stream-ID eurosport_1 afviger fra output-ID eurosport1.dk;Eurosport.1.dk;HD;Eurosport 1 HD DK [Denmark];eurosport_1;eurosport1.dk;eurosport1.dk;66;Eurosport 1;output-exact;name-heuristic;Eurosport 1.dk, Eurosport.1.dk, eurosport1.dk, eurosport_1;;;;
TVG-ID AFVIGER;stream-ID eurosport_2 afviger fra output-ID eurosport2.dk;Eurosport.2.dk;NORMAL;Eurosport 2 [Russia];eurosport_2;eurosport2.dk;eurosport2.dk;64;Eurosport 2;output-exact;name-heuristic;EuroSport.2.HD.dk, Eurosport 2.dk, Eurosport.2.dk, eurosport2.dk, eurosport_2;;;;
TVG-ID AFVIGER;stream-ID eurosport_2 afviger fra output-ID eurosport2.dk;Eurosport.2.dk;NORMAL;Eurosport 2 DK [Denmark];eurosport_2;eurosport2.dk;eurosport2.dk;64;Eurosport 2;output-exact;name-heuristic;EuroSport.2.HD.dk, Eurosport 2.dk, Eurosport.2.dk, eurosport2.dk, eurosport_2;;;;
TVG-ID AFVIGER;stream-ID eurosport_2 afviger fra output-ID eurosport2.dk;Eurosport.2.dk;FHD;Eurosport 2 FHD DK [Denmark];eurosport_2;eurosport2.dk;eurosport2.dk;64;Eurosport 2;output-exact;name-heuristic;EuroSport.2.HD.dk, Eurosport 2.dk, Eurosport.2.dk, eurosport2.dk, eurosport_2;;;;
TVG-ID AFVIGER;stream-ID eurosport_2 afviger fra output-ID eurosport2.dk;Eurosport.2.dk;FHD;Eurosport 2 FHD SK [Slovakia];eurosport_2;eurosport2.dk;eurosport2.dk;64;Eurosport 2;output-exact;name-heuristic;EuroSport.2.HD.dk, Eurosport 2.dk, Eurosport.2.dk, eurosport2.dk, eurosport_2;;;;
TVG-ID AFVIGER;stream-ID eurosport_2 afviger fra output-ID eurosport2.dk;Eurosport.2.dk;HD;Eurosport 2 HD DK [Denmark];eurosport_2;eurosport2.dk;eurosport2.dk;64;Eurosport 2;output-exact;name-heuristic;EuroSport.2.HD.dk, Eurosport 2.dk, Eurosport.2.dk, eurosport2.dk, eurosport_2;;;;
TVG-ID AFVIGER;stream-ID national_geographic_wild afviger fra output-ID natgeowild.dk;Nat Geo Wild.dk;NORMAL;National Geographic Wild DK [Denmark];national_geographic_wild;natgeowild.dk;natgeowild.dk;133;National Geographic Wild;output-exact;name-heuristic;National Geographic Wild.dk, National.Geographic.Wild.dk, natgeowild.dk, national_geographic_wild;;;;
TVG-ID AFVIGER;stream-ID national_geographic_wild afviger fra output-ID natgeowild.dk;Nat Geo Wild.dk;FHD;National Geographic Wild FHD DK [Denmark];national_geographic_wild;natgeowild.dk;natgeowild.dk;133;National Geographic Wild;output-exact;name-heuristic;National Geographic Wild.dk, National.Geographic.Wild.dk, natgeowild.dk, national_geographic_wild;;;;
TVG-ID AFVIGER;stream-ID national_geographic_wild afviger fra output-ID natgeowild.dk;Nat Geo Wild.dk;FHD;National Geographic Wild FHD SK [Slovakia];national_geographic_wild;natgeowild.dk;natgeowild.dk;133;National Geographic Wild;output-exact;name-heuristic;National Geographic Wild.dk, National.Geographic.Wild.dk, natgeowild.dk, national_geographic_wild;;;;
TVG-ID AFVIGER;stream-ID national_geographic_wild afviger fra output-ID natgeowild.dk;Nat Geo Wild.dk;NORMAL;National Geographic WILD ᴾᵀ [Cultura & Infantil PT];national_geographic_wild;natgeowild.dk;natgeowild.dk;133;National Geographic Wild;output-exact;name-heuristic;National Geographic Wild.dk, National.Geographic.Wild.dk, natgeowild.dk, national_geographic_wild;;;;
TVG-ID AFVIGER;stream-ID nick_jr afviger fra output-ID nickjr.dk;Nick Jr.dk;NORMAL;Nick Jr [DSTV Kids];nick_jr;nickjr.dk;nickjr.dk;299;Nick Jr.;output-exact;name-heuristic;Nick Jr., Nick Jr.dk, Nick.Jr..dk, Nickelodeon Junior.dk, nick_jr, nickelodeonjunior.dk, nickjr.dk, nickjunior.uk;;;;
TVG-ID AFVIGER;stream-ID nick_jr afviger fra output-ID nickjr.dk;Nick Jr.dk;NORMAL;NICK JR [Malaysia];nick_jr;nickjr.dk;nickjr.dk;299;Nick Jr.;output-exact;name-heuristic;Nick Jr., Nick Jr.dk, Nick.Jr..dk, Nickelodeon Junior.dk, nick_jr, nickelodeonjunior.dk, nickjr.dk, nickjunior.uk;;;;
TVG-ID AFVIGER;stream-ID nick_jr afviger fra output-ID nickjr.dk;Nick Jr.dk;NORMAL;Nick Jr DK [Multi-Audio] [Denmark];nick_jr;nickjr.dk;nickjr.dk;299;Nick Jr.;output-exact;name-heuristic;Nick Jr., Nick Jr.dk, Nick.Jr..dk, Nickelodeon Junior.dk, nick_jr, nickelodeonjunior.dk, nickjr.dk, nickjunior.uk;;;;
TVG-ID AFVIGER;stream-ID nick_jr afviger fra output-ID nickjr.dk;Nick Jr.dk;HD;Nick Jr HD DK [Denmark];nick_jr;nickjr.dk;nickjr.dk;299;Nick Jr.;output-exact;name-heuristic;Nick Jr., Nick Jr.dk, Nick.Jr..dk, Nickelodeon Junior.dk, nick_jr, nickelodeonjunior.dk, nickjr.dk, nickjunior.uk;;;;
TVG-ID AFVIGER;stream-ID nick_jr afviger fra output-ID nickjr.dk;Nick Jr.dk;NORMAL;Nick Jr SK [Slovakia];nick_jr;nickjr.dk;nickjr.dk;299;Nick Jr.;output-exact;name-heuristic;Nick Jr., Nick Jr.dk, Nick.Jr..dk, Nickelodeon Junior.dk, nick_jr, nickelodeonjunior.dk, nickjr.dk, nickjunior.uk;;;;
TVG-ID AFVIGER;stream-ID nick_jr afviger fra output-ID nickjr.dk;Nick Jr.dk;NORMAL;OSN Nick JR [OSN];nick_jr;nickjr.dk;nickjr.dk;299;Nick Jr.;output-exact;name-heuristic;Nick Jr., Nick Jr.dk, Nick.Jr..dk, Nickelodeon Junior.dk, nick_jr, nickelodeonjunior.dk, nickjr.dk, nickjunior.uk;;;;
TVG-ID AFVIGER;stream-ID nickelodeon afviger fra output-ID nickelodeon.dk;Nickelodeon.dk;NORMAL;Nickelodeon [DSTV Kids];nickelodeon;nickelodeon.dk;nickelodeon.dk;246;Nickelodeon;output-exact;name-heuristic;Nickelodeon.dk, nickelodeon, nickelodeon.dk, nickelodeon.uk;;;;
TVG-ID AFVIGER;stream-ID nickelodeon afviger fra output-ID nickelodeon.dk;Nickelodeon.dk;NORMAL;Nickelodeon [Russia];nickelodeon;nickelodeon.dk;nickelodeon.dk;246;Nickelodeon;output-exact;name-heuristic;Nickelodeon.dk, nickelodeon, nickelodeon.dk, nickelodeon.uk;;;;
TVG-ID AFVIGER;stream-ID nickelodeon afviger fra output-ID nickelodeon.dk;Nickelodeon.dk;FHD;Nickelodeon FHD DK [Denmark];nickelodeon;nickelodeon.dk;nickelodeon.dk;246;Nickelodeon;output-exact;name-heuristic;Nickelodeon.dk, nickelodeon, nickelodeon.dk, nickelodeon.uk;;;;
TVG-ID AFVIGER;stream-ID nickelodeon afviger fra output-ID nickelodeon.dk;Nickelodeon.dk;HD;Nickelodeon HD DK [Denmark];nickelodeon;nickelodeon.dk;nickelodeon.dk;246;Nickelodeon;output-exact;name-heuristic;Nickelodeon.dk, nickelodeon, nickelodeon.dk, nickelodeon.uk;;;;
TVG-ID AFVIGER;stream-ID nickelodeon afviger fra output-ID nickelodeon.dk;Nickelodeon.dk;NORMAL;Nickelodeon SK [Slovakia];nickelodeon;nickelodeon.dk;nickelodeon.dk;246;Nickelodeon;output-exact;name-heuristic;Nickelodeon.dk, nickelodeon, nickelodeon.dk, nickelodeon.uk;;;;
TVG-ID AFVIGER;stream-ID nicktoons afviger fra output-ID nicktoons.se;Nicktoons.dk;NORMAL;NickTOONS [DSTV Kids];nicktoons;nicktoons.se;nicktoons.se;275;Nicktoons;output-exact;position;Nicktoons.dk, nicktoons, nicktoons.se, nicktoons.uk;;;;
TVG-ID AFVIGER;stream-ID nicktoons.uk afviger fra output-ID nicktoons.se;Nicktoons.dk;NORMAL;Nicktoons SK [Slovakia];nicktoons.uk;nicktoons.se;nicktoons.se;275;Nicktoons;output-exact;position;Nicktoons.dk, nicktoons, nicktoons.se, nicktoons.uk;;;;
ID FINDES IKKE I EPGOAL;Hverken output-, stream- eller kendt kilde-ID findes i epgoal.xml;SF-kanalen.dk;NORMAL;SF-Kanalen DK [Denmark];sfkanalen.dk;;;0;;not-found;position;SF-kanalen.dk, sfkanalen.dk;;;;
TVG-ID AFVIGER;stream-ID tlc afviger fra output-ID tlc.dk;TLC.dk;NORMAL;TLC [Caribbean];tlc;tlc.dk;tlc.dk;89;TLC;output-exact;name-heuristic;TLC.dk, tlc, tlc.dk;;;;
TVG-ID AFVIGER;stream-ID tlc afviger fra output-ID tlc.dk;TLC.dk;NORMAL;TLC [Russia];tlc;tlc.dk;tlc.dk;89;TLC;output-exact;name-heuristic;TLC.dk, tlc, tlc.dk;;;;
TVG-ID AFVIGER;stream-ID tlc afviger fra output-ID tlc.dk;TLC.dk;NORMAL;TLC DK [Denmark];tlc;tlc.dk;tlc.dk;89;TLC;output-exact;name-heuristic;TLC.dk, tlc, tlc.dk;;;;
TVG-ID AFVIGER;stream-ID tlc afviger fra output-ID tlc.dk;TLC.dk;FHD;TLC FHD DK [Denmark];tlc;tlc.dk;tlc.dk;89;TLC;output-exact;name-heuristic;TLC.dk, tlc, tlc.dk;;;;
TVG-ID AFVIGER;stream-ID tlc afviger fra output-ID tlc.dk;TLC.dk;FHD;TLC FHD SK [Slovakia];tlc;tlc.dk;tlc.dk;89;TLC;output-exact;name-heuristic;TLC.dk, tlc, tlc.dk;;;;
TVG-ID AFVIGER;stream-ID tlc afviger fra output-ID tlc.dk;TLC.dk;HD;TLC HD DK [Denmark];tlc;tlc.dk;tlc.dk;89;TLC;output-exact;name-heuristic;TLC.dk, tlc, tlc.dk;;;;
TVG-ID AFVIGER;stream-ID tv2news.dk afviger fra output-ID news.dk;TV2 News.dk;NORMAL;TV2 News DK [Denmark];tv2news.dk;news.dk;news.dk;55;TV 2 News;output-exact;shared-single-id;TV 2 News.dk, TV.2.News.dk, TV2 News.dk, news.dk, tv2news.dk;;;;
TVG-ID AFVIGER;stream-ID tv2news.dk afviger fra output-ID news.dk;TV2 News.dk;FHD;TV2 News FHD DK [Denmark];tv2news.dk;news.dk;news.dk;55;TV 2 News;output-exact;shared-single-id;TV 2 News.dk, TV.2.News.dk, TV2 News.dk, news.dk, tv2news.dk;;;;
TVG-ID AFVIGER;stream-ID tv2news.dk afviger fra output-ID news.dk;TV2 News.dk;HD;TV2 News HD DK [Denmark];tv2news.dk;news.dk;news.dk;55;TV 2 News;output-exact;shared-single-id;TV 2 News.dk, TV.2.News.dk, TV2 News.dk, news.dk, tv2news.dk;;;;
